AverageReturn,eplenmean,eprewmean,fps,loss/approxkl,loss/clipfrac,loss/policy_entropy,loss/policy_loss,loss/value_loss,misc/explained_variance,misc/nupdates,misc/serial_timesteps,misc/time_elapsed,misc/total_timesteps,sil_samples
-19.887249,1000.0,-19.887249,1040,0.00895816,0.1317871,8.501474,-0.022821005,21.816101,0.011584103107452393,1,2048,1.9690385120920837,2048,368.0
4.341614999999999,1000.0,4.341614999999999,1068,0.007482943,0.1059082,8.484822,-0.02007136,17.694757,0.052303433418273926,2,4096,3.8866964809130877,4096,458.0
9.993444166666665,1000.0,9.993444166666665,1089,0.008339353,0.120996095,8.476999,-0.021247972,5.6984034,0.0269089937210083,3,6144,5.766439145896584,6144,460.0
2.136845749999999,1000.0,2.136845749999999,1098,0.009008688,0.13173828,8.435465,-0.021297816,10.832145,0.07316058874130249,4,8192,7.631259212968871,8192,429.0
4.903321699999999,1000.0,4.903321699999999,1086,0.00902739,0.12983398,8.411081,-0.024978818,8.539753,0.13702529668807983,5,10240,9.515836253063753,10240,433.0
10.207349416666666,1000.0,10.207349416666666,1081,0.0112587195,0.16772461,8.37404,-0.027821407,7.6643744,0.16507214307785034,6,12288,11.410741230007261,12288,435.0
0.7197949999999997,1000.0,0.7197949999999997,1079,0.009815535,0.13969727,8.331629,-0.02637563,4.716432,0.07680118083953857,7,14336,13.308599207084626,14336,420.0
2.864742187499999,1000.0,2.864742187499999,1093,0.010391522,0.15346679,8.307296,-0.02316962,9.178686,0.19453614950180054,8,16384,15.18149057100527,16384,412.0
6.1489974444444435,1000.0,6.1489974444444435,1084,0.009420936,0.13916016,8.292426,-0.025191575,12.754363,0.19310688972473145,9,18432,17.06963151600212,18432,431.0
19.371306499999996,1000.0,19.371306499999996,1085,0.008663544,0.12631837,8.283824,-0.024973044,7.983298,0.30740422010421753,10,20480,18.957208537030965,20480,466.0
24.46500709090909,1000.0,24.46500709090909,1081,0.0084855575,0.11762695,8.254435,-0.02127663,13.069087,0.2144399881362915,11,22528,20.852123029064387,22528,458.0
30.797095,1000.0,30.797095,1079,0.007747478,0.10771485,8.222279,-0.020044398,11.355597,0.24997270107269287,12,24576,22.74965876992792,24576,463.0
34.24135334615384,1000.0,34.24135334615384,1080,0.0106932875,0.15043946,8.206253,-0.026341468,7.320685,0.28797411918640137,13,26624,24.646079591009766,26624,470.0
41.776994249999994,1000.0,41.776994249999994,1083,0.009483183,0.14658204,8.180407,-0.023919644,7.8015733,0.34120869636535645,14,28672,26.537193661089987,28672,467.0
44.9306316,1000.0,44.9306316,1055,0.009179609,0.13588867,8.169184,-0.025040198,8.596918,0.28676462173461914,15,30720,28.47772018611431,30720,468.0
47.539626312500005,1000.0,47.539626312500005,1026,0.010710799,0.16015625,8.155422,-0.027129984,6.163876,0.31729596853256226,16,32768,30.473846544977278,32768,469.0
52.64575941176471,1000.0,52.64575941176471,1041,0.00956199,0.14003906,8.13172,-0.02684063,4.4199576,0.32707875967025757,17,34816,32.44329695496708,34816,463.0
57.62083930555556,1000.0,57.62083930555556,1048,0.010085663,0.14536133,8.121197,-0.027868673,7.6663833,0.37860792875289917,18,36864,34.39786072797142,36864,472.0
63.05689313157895,1000.0,63.05689313157895,1063,0.011713444,0.18251953,8.106564,-0.031671613,5.939948,0.35203850269317627,19,38912,36.32343196310103,38912,475.0
71.8186013,1000.0,71.8186013,1062,0.009907847,0.15,8.064005,-0.026100937,8.289418,0.3061630129814148,20,40960,38.25108556100167,40960,483.0
77.835326725,1000.0,77.835326725,1067,0.011846702,0.17558594,8.029288,-0.031296454,7.028987,0.22896987199783325,21,43008,40.17054076399654,43008,472.0
87.93135005,1000.0,87.93135005,1067,0.011288975,0.16953126,8.025931,-0.03005009,7.82606,0.33299529552459717,22,45056,42.08932348689996,45056,475.0
97.181248325,1000.0,97.181248325,1073,0.011988714,0.17753907,7.9998703,-0.030676696,7.4841027,0.25264817476272583,23,47104,43.99829446990043,47104,465.0
106.505616775,1000.0,106.505616775,1076,0.008994093,0.13535157,7.970431,-0.025984708,7.9151716,0.23022180795669556,24,49152,45.901086943922564,49152,485.0
117.15770695,1000.0,117.15770695,1081,0.011679972,0.16259766,7.9239297,-0.030931946,7.824135,0.3129015564918518,25,51200,47.79533673799597,51200,488.0
126.13113147499999,1000.0,126.13113147499999,1066,0.010713413,0.15161133,7.8729544,-0.029494217,8.744543,0.2537730932235718,26,53248,49.71665675309487,53248,479.0
141.260514025,1000.0,141.260514025,1076,0.0106970025,0.15371093,7.8497114,-0.029081622,8.129082,0.2562066316604614,27,55296,51.61921734502539,55296,483.0
151.79893177499997,1000.0,151.79893177499997,1072,0.009700662,0.14384766,7.8152685,-0.029331576,11.097664,0.2518303394317627,28,57344,53.52889389102347,57344,467.0
160.210845625,1000.0,160.210845625,1076,0.012971264,0.1796875,7.7403984,-0.032749686,12.374841,0.07133954763412476,29,59392,55.43190924893133,59392,482.0
170.7080245,1000.0,170.7080245,1071,0.012801694,0.18183593,7.7012405,-0.034347955,14.360265,0.24490982294082642,30,61440,57.34346050792374,61440,478.0
178.925669275,1000.0,178.925669275,1068,0.011731974,0.17680664,7.6763163,-0.034018815,12.282889,0.3257320523262024,31,63488,59.25983206904493,63488,488.0
190.87545645,1000.0,190.87545645,1076,0.009281253,0.13740234,7.669529,-0.030030107,13.859047,0.22568804025650024,32,65536,61.163582425098866,65536,484.0
201.44462185,1000.0,201.44462185,1072,0.013290119,0.19204101,7.650985,-0.03725006,16.08228,0.3254445791244507,33,67584,63.07362830499187,67584,485.0
212.858508625,1000.0,212.858508625,1074,0.009807933,0.14580078,7.6038017,-0.029847737,15.678439,0.19741660356521606,34,69632,64.97954432293773,69632,485.0
222.339251275,1000.0,222.339251275,1071,0.010791742,0.15615234,7.5615563,-0.03164726,13.5212,0.24011433124542236,35,71680,66.8912302760873,71680,480.0
236.94884797499998,1000.0,236.94884797499998,1074,0.010532367,0.15800782,7.54171,-0.030169424,20.645725,0.19381177425384521,36,73728,68.79693661001511,73728,491.0
251.282561725,1000.0,251.282561725,1066,0.011757633,0.17695312,7.5165396,-0.03410085,20.03706,0.23458200693130493,37,75776,70.71711780992337,75776,487.0
261.98813865,1000.0,261.98813865,1072,0.011061298,0.16269532,7.497144,-0.031700294,17.33782,0.25101780891418457,38,77824,72.62895506503992,77824,488.0
273.660446975,1000.0,273.660446975,1073,0.010612917,0.15249023,7.473325,-0.030662179,15.710559,0.14444869756698608,39,79872,74.5369430470746,79872,491.0
285.317517425,1000.0,285.317517425,1074,0.01262469,0.18623047,7.4542847,-0.035508983,22.107677,0.22574788331985474,40,81920,76.44355032290332,81920,500.0
299.31746935,1000.0,299.31746935,1058,0.010485332,0.14887695,7.439213,-0.030149776,19.263712,0.1127481460571289,41,83968,78.37793677393347,83968,487.0
313.88351185,1000.0,313.88351185,1072,0.01282032,0.18779297,7.395897,-0.03580413,22.380962,0.279476523399353,42,86016,80.2876305570826,86016,492.0
325.31948602499995,1000.0,325.31948602499995,1071,0.011183713,0.16484375,7.363322,-0.035639353,21.115532,0.21874141693115234,43,88064,82.20031916699372,88064,499.0
337.0662175,1000.0,337.0662175,1075,0.011674915,0.17998047,7.329352,-0.034758285,21.789125,0.30568283796310425,44,90112,84.1050576409325,90112,496.0
350.40610687500003,1000.0,350.40610687500003,1072,0.010408532,0.15131836,7.294493,-0.03213738,21.950514,0.1839383840560913,45,92160,86.01551293511875,92160,495.0
362.35144090000006,1000.0,362.35144090000006,1074,0.009878117,0.1409668,7.2453012,-0.033086516,25.946507,0.2245396375656128,46,94208,87.92287421389483,94208,494.0
371.4824029,1000.0,371.4824029,1076,0.011619875,0.16889648,7.1647577,-0.033823207,20.488995,0.1679421067237854,47,96256,89.82671948499046,96256,500.0
383.736608475,1000.0,383.736608475,1073,0.011987474,0.17763671,7.102781,-0.03477547,27.35817,0.2041218876838684,48,98304,91.7357168099843,98304,489.0
396.79091904999996,1000.0,396.79091904999996,1075,0.013425512,0.19365235,7.064119,-0.038095377,29.717007,0.14056938886642456,49,100352,93.64062363305129,100352,496.0
411.3397234,1000.0,411.3397234,1071,0.011411404,0.16811523,7.0203285,-0.035341803,32.325264,0.18446916341781616,50,102400,95.55269769206643,102400,495.0
423.844610925,1000.0,423.844610925,1064,0.013611602,0.19960937,6.973325,-0.034746815,37.11698,0.2833781838417053,51,104448,97.47649233811535,104448,500.0
438.45236715,1000.0,438.45236715,1069,0.01400544,0.20366211,6.9356318,-0.03720339,36.363335,0.2004905343055725,52,106496,99.39140088809654,106496,502.0
452.2343803,1000.0,452.2343803,1069,0.011890205,0.1751953,6.894946,-0.034818254,35.2995,0.1738538146018982,53,108544,101.30663170409389,108544,499.0
467.75403552499995,1000.0,467.75403552499995,1071,0.012853707,0.1895996,6.8445406,-0.036697872,35.229584,0.31847912073135376,54,110592,103.21902744309045,110592,502.0
480.3105236,1000.0,480.3105236,1071,0.015266788,0.2211914,6.8009734,-0.038541783,34.49633,0.23723018169403076,55,112640,105.13140672794543,112640,495.0
483.8498627749999,1000.0,483.8498627749999,1070,0.011614149,0.16948242,6.779513,-0.032081295,26.614584,0.6018979251384735,56,114688,107.04510086402297,114688,494.0
498.9421853,1000.0,498.9421853,1073,0.01298956,0.18471679,6.7310576,-0.035925888,44.09005,0.18970757722854614,57,116736,108.95316168991849,116736,493.0
511.293276925,1000.0,511.293276925,1073,0.012940437,0.18173829,6.6726694,-0.033387356,38.59097,0.2626987099647522,58,118784,110.8621818011161,118784,496.0
528.458241275,1000.0,528.458241275,1072,0.015049149,0.21635742,6.6089315,-0.039527178,39.426414,0.13450437784194946,59,120832,112.77259855112061,120832,496.0
539.5758339,1000.0,539.5758339,1069,0.013158612,0.19462891,6.570834,-0.034914058,38.808872,0.3490371108055115,60,122880,114.68845556001179,122880,496.0
555.861752625,1000.0,555.861752625,1069,0.013475744,0.19228515,6.547059,-0.037034232,44.298923,0.29571932554244995,61,124928,116.60457662097178,124928,502.0
574.4416200000001,1000.0,574.4416200000001,1055,0.010952676,0.15717773,6.522279,-0.03234142,43.6377,0.24526715278625488,62,126976,118.54534934903495,126976,496.0
590.621580125,1000.0,590.621580125,1073,0.014628768,0.2105957,6.487568,-0.038654093,49.94172,0.2697489857673645,63,129024,120.45434155408293,129024,502.0
606.36988865,1000.0,606.36988865,1068,0.016497713,0.23632812,6.4560633,-0.038883753,50.313744,0.4239126443862915,64,131072,122.37200974998996,131072,499.0
622.195345275,1000.0,622.195345275,1072,0.01422753,0.20507812,6.4009423,-0.035693195,51.04415,0.3898445963859558,65,133120,124.28297328692861,133120,506.0
640.9189199499999,1000.0,640.9189199499999,1073,0.014999119,0.20864257,6.3692536,-0.03485661,60.193592,0.41417020559310913,66,135168,126.19199928105809,135168,499.0
658.972716375,1000.0,658.972716375,1070,0.014761071,0.2175293,6.327925,-0.037246443,51.26872,0.44404321908950806,67,137216,128.10539160692133,137216,504.0
673.1768575,1000.0,673.1768575,1070,0.013287023,0.19208984,6.316617,-0.034312468,49.564808,0.26149994134902954,68,139264,130.01812318898737,139264,501.0
682.470749825,1000.0,682.470749825,1066,0.012821339,0.18652344,6.2898498,-0.034716345,47.836926,0.356193482875824,69,141312,131.93918441911228,141312,504.0
696.687177,1000.0,696.687177,1072,0.015622233,0.22895508,6.2332253,-0.038786367,53.777443,0.4304252862930298,70,143360,133.84984223893844,143360,505.0
708.0057564,1000.0,708.0057564,1073,0.015127589,0.21254882,6.212991,-0.03573627,56.67124,0.29488277435302734,71,145408,135.75762190110981,145408,499.0
719.61590785,1000.0,719.61590785,1066,0.013627696,0.19467774,6.187868,-0.033823658,51.073936,0.3472261428833008,72,147456,137.67890273709781,147456,504.0
735.612085275,1000.0,735.612085275,1072,0.013812314,0.19697265,6.157453,-0.03071015,70.55282,0.3289874792098999,73,149504,139.58852014201693,149504,509.0
741.1178839,1000.0,741.1178839,1070,0.015412045,0.22001953,6.1376696,-0.033235878,41.14038,0.2996753454208374,74,151552,141.50149555201642,151552,501.0
758.27521475,1000.0,758.27521475,1069,0.014623652,0.2022461,6.124257,-0.03537074,52.166237,0.3334059715270996,75,153600,143.41641192906536,153600,502.0
772.363887375,1000.0,772.363887375,1073,0.01499824,0.21030274,6.0977345,-0.03612797,54.02176,0.457766056060791,76,155648,145.32403924595565,155648,502.0
781.5592808499999,1000.0,781.5592808499999,1069,0.013873076,0.1974121,6.070298,-0.033016335,53.135113,0.465218186378479,77,157696,147.2397246810142,157696,504.0
789.183318675,1000.0,789.183318675,1071,0.013526405,0.19077149,6.0410295,-0.033785768,51.81141,0.3836303949356079,78,159744,149.15086227306165,159744,496.0
799.9347426749999,1000.0,799.9347426749999,1068,0.015186342,0.20874023,5.995929,-0.03251383,51.87446,0.49043434858322144,79,161792,151.0675574480556,161792,503.0
805.00828325,1000.0,805.00828325,1067,0.014027071,0.19750977,5.9721994,-0.032523714,47.302067,0.44704359769821167,80,163840,152.98712576995604,163840,498.0
812.6363300749999,1000.0,812.6363300749999,1075,0.014840707,0.2078125,5.959647,-0.028023943,53.079285,0.4892759323120117,81,165888,154.8921358170919,165888,500.0
822.739843325,1000.0,822.739843325,1065,0.013307333,0.19252929,5.9498367,-0.033109747,57.896564,0.4116244316101074,82,167936,156.8140262151137,167936,501.0
833.2241298000001,1000.0,833.2241298000001,1053,0.016227413,0.21708985,5.924998,-0.033486612,51.32375,0.5468558073043823,83,169984,158.7587502100505,169984,504.0
841.87061025,1000.0,841.87061025,1064,0.01890767,0.2644531,5.870663,-0.035425447,50.64663,0.4886983036994934,84,172032,160.68387308507226,172032,508.0
847.107829325,1000.0,847.107829325,1072,0.01671655,0.22290039,5.838551,-0.03276409,58.53472,0.5972929298877716,85,174080,162.59670623298734,174080,506.0
851.787592675,1000.0,851.787592675,1069,0.015249694,0.21611328,5.8236604,-0.031818017,53.689423,0.5777899622917175,86,176128,164.51124618505128,176128,508.0
860.0254552250001,1000.0,860.0254552250001,1071,0.016834922,0.23271485,5.811465,-0.031377234,62.5866,0.6963842511177063,87,178176,166.4235076480545,178176,505.0
856.610059,1000.0,856.610059,1058,0.016432386,0.21953125,5.7885447,-0.029321935,40.997063,0.4054095149040222,88,180224,168.3595996820368,180224,501.0
866.8601000750001,1000.0,866.8601000750001,1067,0.01584695,0.21791992,5.757184,-0.03209477,52.24256,0.5613192617893219,89,182272,170.27878083102405,182272,497.0
867.5597131999999,1000.0,867.5597131999999,1059,0.014974741,0.20581055,5.7194605,-0.033289723,47.429993,0.46925169229507446,90,184320,172.2120192630682,184320,497.0
872.3312310000001,1000.0,872.3312310000001,1069,0.016061125,0.20297852,5.6840057,-0.030811468,50.320457,0.6362815797328949,91,186368,174.12687726411968,186368,495.0
877.106839425,1000.0,877.106839425,1068,0.015565343,0.22006837,5.653807,-0.029205346,52.43148,0.5933125913143158,92,188416,176.04401303711347,188416,496.0
885.3276694250001,1000.0,885.3276694250001,1069,0.017100345,0.23388672,5.6394734,-0.03304633,55.929943,0.7092908024787903,93,190464,177.96020829793997,190464,495.0
892.6718084500001,1000.0,892.6718084500001,1069,0.018106597,0.2491211,5.601204,-0.03194337,46.95993,0.6248852014541626,94,192512,179.87479437398724,192512,499.0
898.414505325,1000.0,898.414505325,1067,0.016870398,0.23037109,5.577691,-0.031646665,53.671734,0.6242871284484863,95,194560,181.7935176771134,194560,501.0
901.99931115,1000.0,901.99931115,1071,0.01709481,0.23242188,5.550803,-0.03118689,40.87534,0.43809616565704346,96,196608,183.7058764300309,196608,490.0
907.7538597250001,1000.0,907.7538597250001,1067,0.018115263,0.25126952,5.5459585,-0.030458782,57.513023,0.5970941483974457,97,198656,185.62469445704482,198656,492.0
916.19455335,1000.0,916.19455335,1070,0.014872266,0.20771484,5.5121,-0.027383784,45.42258,0.7010533511638641,98,200704,187.5380477400031,200704,499.0
921.6362699499999,1000.0,921.6362699499999,1069,0.017782317,0.24013671,5.466656,-0.032295838,44.977665,0.5733915567398071,99,202752,189.45383657491766,202752,491.0
929.976295425,1000.0,929.976295425,1056,0.018514609,0.24941406,5.440544,-0.032352284,44.158092,0.5500327944755554,100,204800,191.39275825000368,204800,494.0
933.9581156749998,1000.0,933.9581156749998,1068,0.01746172,0.23857422,5.416005,-0.028340116,46.574226,0.6238189041614532,101,206848,193.3091064679902,206848,497.0
939.9076549499999,1000.0,939.9076549499999,1065,0.020138139,0.2716797,5.406114,-0.02805545,48.28598,0.7118150889873505,102,208896,195.2323846979998,208896,496.0
945.255607275,1000.0,945.255607275,1069,0.01389729,0.19511719,5.395417,-0.027183201,51.54259,0.728623777627945,103,210944,197.1480033278931,210944,499.0
951.84582515,1000.0,951.84582515,1050,0.01623763,0.22314453,5.368062,-0.02318325,44.883904,0.6226363182067871,104,212992,199.0978249439504,212992,497.0
959.63898335,1000.0,959.63898335,1069,0.025637453,0.3070801,5.326092,-0.02817913,58.266846,0.8484121263027191,105,215040,201.01281380606815,215040,499.0
965.35486595,1000.0,965.35486595,1068,0.018534916,0.24731445,5.3095064,-0.025228878,46.512238,0.6685634553432465,106,217088,202.93004427989945,217088,493.0
981.5171865,1000.0,981.5171865,1071,0.017653067,0.22373047,5.297115,-0.025193393,51.993958,0.7043546140193939,107,219136,204.84179881494492,219136,498.0
988.6088342999999,1000.0,988.6088342999999,1071,0.01847731,0.24301758,5.2887883,-0.026244408,49.888924,0.7619359940290451,108,221184,206.75285419705324,221184,504.0
998.445302875,1000.0,998.445302875,1068,0.020239096,0.2614258,5.287915,-0.028008917,56.672432,0.8184851557016373,109,223232,208.6693204860203,223232,497.0
1002.59750045,1000.0,1002.59750045,1051,0.0154434815,0.19829102,5.26415,-0.0216388,41.291023,0.577709436416626,110,225280,210.61700751492754,225280,503.0
1007.916763,1000.0,1007.916763,1069,0.019568508,0.24829102,5.247321,-0.0220365,50.63312,0.6274608373641968,111,227328,212.5328374421224,227328,495.0
1014.7171613,1000.0,1014.7171613,1072,0.019883689,0.26225585,5.227416,-0.023080602,47.03998,0.8217178285121918,112,229376,214.44200100610033,229376,490.0
1020.1560589750001,1000.0,1020.1560589750001,1067,0.019485604,0.2640625,5.2128515,-0.02535125,47.679153,0.7293457686901093,113,231424,216.3609757591039,231424,499.0
1024.923511125,1000.0,1024.923511125,1068,0.020155657,0.25996095,5.227966,-0.02197831,46.27392,0.5547624826431274,114,233472,218.27821440901607,233472,498.0
1033.370757325,1000.0,1033.370757325,1065,0.025092829,0.30981445,5.221025,-0.025585238,45.644753,0.8113199174404144,115,235520,220.20129168895073,235520,502.0
1040.036927725,1000.0,1040.036927725,1060,0.017338678,0.23041992,5.210855,-0.028191337,42.014427,0.6656686067581177,116,237568,222.13343529589474,237568,496.0
1041.881150825,1000.0,1041.881150825,1070,0.01750791,0.22368164,5.2114935,-0.025394553,49.84463,0.5518993139266968,117,239616,224.04790573893115,239616,498.0
1043.5264989749999,1000.0,1043.5264989749999,1073,0.018835826,0.2586914,5.1966815,-0.027037928,46.193993,0.4603436589241028,118,241664,225.9559655371122,241664,489.0
1048.3561862249999,1000.0,1048.3561862249999,1070,0.020252354,0.240625,5.1635914,-0.028477449,45.973015,0.5296474695205688,119,243712,227.86878392309882,243712,496.0
1055.4371907500001,1000.0,1055.4371907500001,1070,0.024551988,0.2887207,5.1328535,-0.024556104,41.563465,0.5970191657543182,120,245760,229.78336817305535,245760,492.0
1061.1566831999999,1000.0,1061.1566831999999,1068,0.017945936,0.24135742,5.124305,-0.021434985,47.947304,0.6612543761730194,121,247808,231.69996444508433,247808,496.0
1067.592034375,1000.0,1067.592034375,1074,0.023232069,0.2845215,5.1045303,-0.026826074,47.694206,0.71958988904953,122,249856,233.60726179694757,249856,496.0
1070.73644045,1000.0,1070.73644045,1071,0.015578732,0.21054688,5.0655026,-0.021341836,40.999386,0.63328617811203,123,251904,235.51994559005834,251904,494.0
1073.0434977500001,1000.0,1073.0434977500001,1054,0.022204895,0.2895996,5.039161,-0.029519618,42.59927,0.523847758769989,124,253952,237.46324228309095,253952,493.0
1074.249885625,1000.0,1074.249885625,1070,0.019433606,0.2553711,5.02703,-0.025060913,41.87196,0.6375513970851898,125,256000,239.37610315997154,256000,498.0
1079.84362195,1000.0,1079.84362195,1071,0.017429262,0.22749023,5.0341425,-0.020425405,43.26489,0.7133402526378632,126,258048,241.28819983289577,258048,487.0
1084.27387875,1000.0,1084.27387875,1073,0.020128706,0.2560547,5.0147047,-0.019119818,41.144325,0.7036582231521606,127,260096,243.19696567603387,260096,492.0
1085.251513825,1000.0,1085.251513825,1069,0.019700104,0.25888672,4.996801,-0.024265513,40.994205,0.58287712931633,128,262144,245.11152438400313,262144,498.0
1087.1853494749998,1000.0,1087.1853494749998,1069,0.017847907,0.24223633,4.984895,-0.027046915,41.886456,0.698784589767456,129,264192,247.027056442108,264192,500.0
1094.9659711749998,1000.0,1094.9659711749998,1070,0.022261247,0.27573243,4.9777217,-0.023964563,41.28344,0.5758730173110962,130,266240,248.9403354250826,266240,491.0
1098.3884518749999,1000.0,1098.3884518749999,1067,0.02310145,0.28530273,4.9497943,-0.02103448,41.846214,0.8232414573431015,131,268288,250.86002040607855,268288,488.0
1103.4418145249997,1000.0,1103.4418145249997,1073,0.019056758,0.24985352,4.94019,-0.024322022,40.878296,0.6945313513278961,132,270336,252.7704779431224,270336,490.0
1104.1379548,1000.0,1104.1379548,1074,0.021587532,0.2772461,4.933256,-0.023299973,35.94036,0.5977795124053955,133,272384,254.67640977189876,272384,497.0
1106.38590195,1000.0,1106.38590195,1071,0.022160063,0.2512207,4.935357,-0.026491681,45.024113,0.5848170220851898,134,274432,256.58851310191676,274432,499.0
1103.4609686249999,1000.0,1103.4609686249999,1073,0.021552451,0.2774414,4.9343247,-0.02989077,48.415253,0.4065057039260864,135,276480,258.4965880359523,276480,488.0
1107.8341490750001,1000.0,1107.8341490750001,1070,0.01803757,0.2453125,4.9259677,-0.019759696,33.70288,0.7491879463195801,136,278528,260.4103658730164,278528,490.0
1115.9492644999998,1000.0,1115.9492644999998,1070,0.020620922,0.25888672,4.9364753,-0.01675696,38.319904,0.730993241071701,137,280576,262.32334730005823,280576,480.0
1119.59011555,1000.0,1119.59011555,1072,0.025629675,0.31157225,4.924901,-0.020657022,37.60041,0.7717031836509705,138,282624,264.2336358039174,282624,495.0
1125.749259225,1000.0,1125.749259225,1071,0.02167076,0.27001953,4.905614,-0.01998105,37.150528,0.6920559406280518,139,284672,266.14516681805253,284672,489.0
1130.002343075,1000.0,1130.002343075,1072,0.017731292,0.23369141,4.888392,-0.02068675,42.740993,0.7538624852895737,140,286720,268.05539958691224,286720,487.0
1135.7145028999998,1000.0,1135.7145028999998,1072,0.022013582,0.26938477,4.892106,-0.023799805,43.87731,0.869937539100647,141,288768,269.96585543709807,288768,496.0
1135.9501425,1000.0,1135.9501425,1069,0.02676121,0.3109375,4.8907413,-0.025423933,38.241463,0.6485483646392822,142,290816,271.88168107694946,290816,499.0
1142.5123303750001,1000.0,1142.5123303750001,1050,0.01850662,0.23930664,4.894979,-0.02030413,34.214687,0.8054473251104355,143,292864,273.8312486161012,292864,493.0
1146.7840004,1000.0,1146.7840004,1070,0.018222447,0.22890624,4.877536,-0.025930714,43.295414,0.5703810453414917,144,294912,275.74407064099796,294912,492.0
1152.069715475,1000.0,1152.069715475,1043,0.018658366,0.23320313,4.85937,-0.02001791,38.039085,0.72761070728302,145,296960,277.70714076492004,296960,486.0
1150.7955513000002,1000.0,1150.7955513000002,1069,0.019986706,0.25717774,4.8488398,-0.026909888,42.529945,0.5706402957439423,146,299008,279.6225561569445,299008,497.0
1155.971775625,1000.0,1155.971775625,1060,0.022901066,0.27978516,4.8590603,-0.023212202,34.63475,0.7637995332479477,147,301056,281.5539094291162,301056,482.0
1159.3324469,1000.0,1159.3324469,1063,0.027825972,0.30654296,4.873266,-0.027408272,33.01265,0.7834145724773407,148,303104,283.47993326094,303104,489.0
1160.0813398750001,1000.0,1160.0813398750001,1069,0.024435133,0.29790038,4.86162,-0.022143796,44.279655,0.4913875460624695,149,305152,285.39470020495355,305152,485.0
1163.223457575,1000.0,1163.223457575,1071,0.021793753,0.27392578,4.844239,-0.019072222,32.118034,0.8079854100942612,150,307200,287.30584418890066,307200,478.0
1164.2469184,1000.0,1164.2469184,1069,0.024226356,0.29106444,4.815041,-0.02296893,33.834633,0.6840430200099945,151,309248,289.22126147709787,309248,489.0
1170.6428650499997,1000.0,1170.6428650499997,1071,0.02180544,0.26425782,4.796956,-0.019448126,32.029705,0.8799180015921593,152,311296,291.13386123091914,311296,484.0
1174.0866466749999,1000.0,1174.0866466749999,1071,0.029639507,0.32348633,4.7983522,-0.0205007,34.905327,0.7450222969055176,153,313344,293.0459384189453,313344,492.0
1185.141151025,1000.0,1185.141151025,1071,0.021780245,0.28349608,4.8114614,-0.017753284,36.26429,0.8811069801449776,154,315392,294.9573971449863,315392,493.0
1190.1773872999997,1000.0,1190.1773872999997,1068,0.023026004,0.28339845,4.8202524,-0.018198583,30.29483,0.8431524187326431,155,317440,296.8753864560276,317440,490.0
1198.5913074,1000.0,1198.5913074,1066,0.03460815,0.3506836,4.8125014,-0.023751251,31.256292,0.9303221479058266,156,319488,298.79640515404753,319488,493.0
1201.1087247,1000.0,1201.1087247,1070,0.020319173,0.23383789,4.8155346,-0.022080291,32.58981,0.7801573425531387,157,321536,300.7107882730197,321536,483.0
1199.728258775,1000.0,1199.728258775,1065,0.01959198,0.26274413,4.8077683,-0.020637117,39.81582,0.6105614602565765,158,323584,302.633735510055,323584,487.0
1205.124378025,1000.0,1205.124378025,1073,0.031040475,0.34204102,4.793063,-0.022645565,29.777405,0.7593206167221069,159,325632,304.54184611700475,325632,498.0
1208.916935475,1000.0,1208.916935475,1069,0.02073396,0.25473633,4.769902,-0.02285676,31.342752,0.9166422188282013,160,327680,306.457033297047,327680,491.0
1211.2199567,1000.0,1211.2199567,1067,0.017629974,0.23442383,4.7597694,-0.027366772,28.215046,0.8765137642621994,161,329728,308.3767547260504,329728,486.0
1213.7234044749998,1000.0,1213.7234044749998,1073,0.022965549,0.28188476,4.758505,-0.021821605,33.845898,0.7489105761051178,162,331776,310.28535662405193,331776,486.0
1216.4021493249998,1000.0,1216.4021493249998,1069,0.02449477,0.29189453,4.7588153,-0.025223026,33.34987,0.6909807026386261,163,333824,312.1998492369894,333824,485.0
1220.7307608249998,1000.0,1220.7307608249998,1073,0.022467228,0.2755371,4.746849,-0.023327418,37.12392,0.6058774888515472,164,335872,314.1082364129834,335872,486.0
1223.4242011499998,1000.0,1223.4242011499998,1070,0.017868068,0.23242188,4.736295,-0.020106835,31.822815,0.8160071074962616,165,337920,316.0215889180545,337920,486.0
1231.232127475,1000.0,1231.232127475,1055,0.0196997,0.26049805,4.753269,-0.019429643,33.37192,0.7632673233747482,166,339968,317.96291449596174,339968,490.0
1230.38715505,1000.0,1230.38715505,1072,0.022399822,0.27568358,4.7625017,-0.020388102,35.890312,0.5993015766143799,167,342016,319.87284104689024,342016,485.0
1232.0632061249999,1000.0,1232.0632061249999,1041,0.025205355,0.28427735,4.747754,-0.025324728,46.53249,0.5261146426200867,168,344064,321.84011347498745,344064,485.0
1233.63507475,1000.0,1233.63507475,1073,0.022751981,0.2911133,4.721851,-0.023553569,30.509573,0.774552971124649,169,346112,323.7475575800054,346112,492.0
1234.67388985,1000.0,1234.67388985,1063,0.027578533,0.32490236,4.6944337,-0.024883034,34.957577,0.6175332069396973,170,348160,325.6738520420622,348160,484.0
1237.1687499,1000.0,1237.1687499,1066,0.02174466,0.27875978,4.6827607,-0.0231746,26.699884,0.8683915287256241,171,350208,327.59418506291695,350208,484.0
1241.119497925,1000.0,1241.119497925,1064,0.021779027,0.27324218,4.6744766,-0.02081688,24.770868,0.9259027987718582,172,352256,329.51917856698856,352256,493.0
1244.1987610249998,1000.0,1244.1987610249998,1035,0.022636777,0.2791504,4.6791306,-0.021627102,29.047039,0.8332521915435791,173,354304,331.4969798969105,354304,478.0
1242.0389157,1000.0,1242.0389157,1074,0.027146976,0.2980469,4.704024,-0.024469662,40.864536,0.6723408102989197,174,356352,333.4044807199389,356352,483.0
1236.2417901499998,1000.0,1236.2417901499998,1072,0.02215901,0.27329102,4.724099,-0.021684162,34.430847,0.6868932545185089,175,358400,335.3153797360137,358400,488.0
1219.7889543249998,1000.0,1219.7889543249998,1066,0.024405995,0.29091796,4.728581,-0.013309227,54.161293,0.6974703371524811,176,360448,337.23583893990144,360448,467.0
1217.7903732,1000.0,1217.7903732,1070,0.021588901,0.2668457,4.7121906,-0.023588752,46.769314,0.5331184267997742,177,362496,339.1486922800541,362496,487.0
1218.2025041000002,1000.0,1218.2025041000002,1061,0.024661276,0.2684082,4.69727,-0.029527053,46.03994,0.6432707905769348,178,364544,341.0788492821157,364544,485.0
1207.3716474999999,1000.0,1207.3716474999999,1074,0.021157917,0.26713866,4.7005434,-0.027141824,43.619797,0.5858141183853149,179,366592,342.98603371391073,366592,474.0
1204.197409425,1000.0,1204.197409425,1068,0.019548915,0.2519043,4.6897144,-0.01758197,37.37001,0.6398409008979797,180,368640,344.9040374599863,368640,480.0
1205.020952625,1000.0,1205.020952625,1064,0.026352312,0.31230468,4.680895,-0.023939783,31.522837,0.7060824036598206,181,370688,346.82807009108365,370688,477.0
1207.8188495499999,1000.0,1207.8188495499999,1029,0.014922293,0.19204101,4.659148,-0.017504111,28.746195,0.84685218334198,182,372736,348.8176933620125,372736,486.0
1206.608600325,1000.0,1206.608600325,1067,0.020696662,0.26811522,4.6520715,-0.022450844,35.410713,0.6838794052600861,183,374784,350.73587993509136,374784,471.0
1207.396076425,1000.0,1207.396076425,1073,0.027134616,0.32050782,4.652253,-0.02525333,29.148462,0.7254087924957275,184,376832,352.6434632970486,376832,466.0
1207.2025643000002,1000.0,1207.2025643000002,1073,0.01806873,0.23720703,4.644618,-0.026773423,31.109238,0.7486839592456818,185,378880,354.5523875649087,378880,468.0
1211.04545835,1000.0,1211.04545835,1064,0.021058992,0.26303712,4.6362267,-0.022004757,22.375816,0.8802413195371628,186,380928,356.4765019430779,380928,480.0
1217.123691375,1000.0,1217.123691375,1051,0.024296453,0.29560548,4.6273856,-0.027372364,24.60914,0.8603600412607193,187,382976,358.42375520500354,382976,478.0
1221.2602435499998,1000.0,1221.2602435499998,1072,0.028329939,0.321875,4.6125927,-0.026941132,31.361212,0.7262993156909943,188,385024,360.3332458140794,385024,470.0
1225.1830492499998,1000.0,1225.1830492499998,1069,0.017366279,0.23149414,4.604272,-0.018990524,29.32449,0.9375787675380707,189,387072,362.2488127260003,387072,474.0
1230.0801308999999,1000.0,1230.0801308999999,1057,0.015427807,0.21494141,4.589205,-0.02019762,21.230846,0.9544425085186958,190,389120,364.18586459197104,389120,480.0
1234.6403427999999,1000.0,1234.6403427999999,1039,0.024864426,0.30444336,4.5681887,-0.031059027,24.471714,0.9670474007725716,191,391168,366.1555936529767,391168,486.0
1233.27554695,1000.0,1233.27554695,1061,0.034160312,0.3665039,4.575544,-0.0279998,30.989117,0.6906150281429291,192,393216,368.0849814149551,393216,492.0
1234.6682086,1000.0,1234.6682086,1071,0.024737652,0.2861328,4.5661016,-0.028004464,28.802923,0.7897755354642868,193,395264,369.996490719961,395264,492.0
1244.77696765,1000.0,1244.77696765,1069,0.01698208,0.23852539,4.5465503,-0.025580773,22.949787,0.8787588328123093,194,397312,371.91153316409327,397312,488.0
1261.70956385,1000.0,1261.70956385,1033,0.026758825,0.31083983,4.5530157,-0.025517782,30.937122,0.6175056993961334,195,399360,373.8936646010261,399360,495.0
1260.999473075,1000.0,1260.999473075,1070,0.02726781,0.33071288,4.5371547,-0.031258456,27.967056,0.7610754370689392,196,401408,375.8073655499611,401408,485.0
1267.7630205,1000.0,1267.7630205,1046,0.024568453,0.29692382,4.527174,-0.026738554,29.932526,0.6791363656520844,197,403456,377.7640145230107,403456,478.0
1280.3383262749999,1000.0,1280.3383262749999,1070,0.019620866,0.25683594,4.52877,-0.026070634,24.361477,0.769273966550827,198,405504,379.6776827860158,405504,483.0
1284.4048188000002,1000.0,1284.4048188000002,1069,0.01941875,0.25874025,4.5201664,-0.025786271,22.485502,0.850240096449852,199,407552,381.5923445119988,407552,478.0
1281.4294498499999,1000.0,1281.4294498499999,1071,0.039992392,0.3161133,4.490583,-0.028169781,35.987114,0.7979172319173813,200,409600,383.50381906400435,409600,483.0
1282.277925525,1000.0,1282.277925525,1073,0.014937441,0.20424804,4.4412923,-0.024728741,21.52412,0.9075101613998413,201,411648,385.4124631250743,411648,485.0
1289.2415856,1000.0,1289.2415856,1072,0.017264873,0.23271485,4.4192266,-0.028908217,21.04686,0.9486827328801155,202,413696,387.3230452788994,413696,482.0
1293.5841687,1000.0,1293.5841687,1050,0.019548941,0.25976562,4.4021506,-0.029860333,19.996983,0.9737091045826674,203,415744,389.2729877559468,415744,476.0
1294.95848935,1000.0,1294.95848935,1073,0.024436457,0.3095703,4.381581,-0.0278306,16.751955,0.9122099578380585,204,417792,391.18165477807634,417792,476.0
1296.5022457250002,1000.0,1296.5022457250002,1074,0.016837109,0.22416992,4.349742,-0.022367084,16.631945,0.9393729530274868,205,419840,393.08810007805005,419840,477.0
1296.382465225,1000.0,1296.382465225,1070,0.021360828,0.27172852,4.3366604,-0.022918228,28.312672,0.8255575299263,206,421888,395.001369694015,421888,482.0
1300.571801325,1000.0,1300.571801325,1075,0.021401843,0.27124023,4.328189,-0.030923879,21.124586,0.9722381997853518,207,423936,396.9055675340351,423936,484.0
1308.327456,1000.0,1308.327456,1050,0.020837665,0.25478515,4.3353486,-0.017213315,32.391777,0.9345213174819946,208,425984,398.855773603078,425984,488.0
1306.2275496999998,1000.0,1306.2275496999998,1068,0.022360567,0.2782715,4.3308287,-0.023884935,18.7224,0.9171373620629311,209,428032,400.7733850199729,428032,482.0
1305.3582648249999,1000.0,1305.3582648249999,1070,0.020750944,0.26455078,4.3158245,-0.023488998,18.174593,0.9460493102669716,210,430080,402.6890478339046,430080,480.0
1307.605555275,1000.0,1307.605555275,1072,0.0171943,0.21791992,4.307353,-0.022537503,21.612785,0.9225755333900452,211,432128,404.599338528933,432128,481.0
1308.155130525,1000.0,1308.155130525,1070,0.038045727,0.33359376,4.2897468,-0.017959282,38.14486,0.7927723079919815,212,434176,406.5132427311037,434176,480.0
1305.511382225,1000.0,1305.511382225,1062,0.02576893,0.3104004,4.2769117,-0.024358038,37.662968,0.7315680086612701,213,436224,408.44158212305047,436224,482.0
1307.226245175,1000.0,1307.226245175,1072,0.029658955,0.33159178,4.263446,-0.024426838,18.37753,0.911051020026207,214,438272,410.3510522379074,438272,485.0
1312.1646402000001,1000.0,1312.1646402000001,1072,0.01535694,0.20693359,4.2485576,-0.021962529,17.994156,0.958481565117836,215,440320,412.26090909400955,440320,486.0
1318.0079044000001,1000.0,1318.0079044000001,1075,0.020972464,0.25878906,4.2224126,-0.018789537,23.460867,0.9508278630673885,216,442368,414.16646352689713,442368,482.0
1322.5294684750002,1000.0,1322.5294684750002,1073,0.023949327,0.28891602,4.19883,-0.027684748,17.572437,0.9559578597545624,217,444416,416.0743901920505,444416,486.0
1324.690982525,1000.0,1324.690982525,1060,0.024393704,0.2986328,4.183934,-0.02122955,22.615646,0.856243759393692,218,446464,418.0063760469202,446464,484.0
1330.908535975,1000.0,1330.908535975,1073,0.029241523,0.34223634,4.1561174,-0.030336898,14.776715,0.9747001305222511,219,448512,419.9153731719125,448512,488.0
1336.7286094,1000.0,1336.7286094,1063,0.024221953,0.28554687,4.1440363,-0.021681119,23.28837,0.9250107407569885,220,450560,421.8414991449099,450560,494.0
1337.681569975,1000.0,1337.681569975,1066,0.02438171,0.3027832,4.142021,-0.028683726,15.643461,0.9219483137130737,221,452608,423.7626234830823,452608,482.0
1339.658221075,1000.0,1339.658221075,1074,0.021952372,0.27250975,4.134015,-0.025544647,17.060259,0.9776907358318567,222,454656,425.6696010059677,454656,488.0
1341.900105375,1000.0,1341.900105375,1070,0.021265473,0.27260742,4.1033487,-0.03047578,17.559721,0.954772163182497,223,456704,427.58318282593973,456704,474.0
1346.8711637000001,1000.0,1346.8711637000001,1067,0.01846283,0.23222657,4.0731173,-0.028347963,16.538374,0.9648898988962173,224,458752,429.50150707992725,458752,485.0
1352.2810726,1000.0,1352.2810726,1047,0.026201406,0.3026367,4.040346,-0.022873215,14.959915,0.9748001620173454,225,460800,431.4566589090973,460800,480.0
1355.219227425,1000.0,1355.219227425,1070,0.01601126,0.22407226,4.0494137,-0.020396357,18.607534,0.9541209563612938,226,462848,433.37094619707204,462848,489.0
1357.625133075,1000.0,1357.625133075,1072,0.03673694,0.34970704,4.0369043,-0.032495093,14.822782,0.962738998234272,227,464896,435.28077514702454,464896,476.0
1354.63559815,1000.0,1354.63559815,1069,0.023576258,0.28461915,4.020953,-0.019386424,35.57769,0.8775192648172379,228,466944,437.19681095401756,466944,484.0
1360.47838775,1000.0,1360.47838775,1036,0.019044776,0.2553711,4.0249677,-0.027313542,17.612152,0.9546275474131107,229,468992,439.1733371329028,468992,473.0
1361.974042875,1000.0,1361.974042875,1074,0.024955947,0.29223633,4.0256796,-0.023128241,17.986456,0.9588577896356583,230,471040,441.08004242391326,471040,485.0
1366.7333498,1000.0,1366.7333498,1069,0.030933902,0.34589845,4.0168643,-0.025646824,17.747286,0.9298804178833961,231,473088,442.99509303993545,473088,479.0
1369.712395075,1000.0,1369.712395075,1071,0.046145093,0.32104492,4.0057054,-0.02599895,48.791504,0.7704043686389923,232,475136,444.9072472320404,475136,479.0
1372.037649075,1000.0,1372.037649075,1056,0.033138923,0.35410157,3.9861732,-0.025068473,18.446507,0.9286715611815453,233,477184,446.8461254169233,477184,475.0
1376.46356195,1000.0,1376.46356195,1043,0.023238523,0.25214845,3.98802,-0.022818238,37.89974,0.8732287734746933,234,479232,448.8087084069848,479232,483.0
1355.197065425,1000.0,1355.197065425,1059,0.042431522,0.35854492,3.97473,-0.027676443,57.103493,0.6376095712184906,235,481280,450.7416750919074,481280,487.0
1360.805110775,1000.0,1360.805110775,1073,0.028244007,0.3317383,3.9325824,-0.033298664,17.543493,0.9805191159248352,236,483328,452.6507133040577,483328,470.0
1363.64213565,1000.0,1363.64213565,1057,0.017396644,0.24711914,3.9161205,-0.033257302,17.12215,0.9574997797608376,237,485376,454.5871560280211,485376,474.0
1359.271950375,1000.0,1359.271950375,1032,0.032292098,0.28618163,3.9389164,-0.028941602,49.438774,0.7396784126758575,238,487424,456.57071524392813,487424,477.0
1361.6170405500002,1000.0,1361.6170405500002,1053,0.019468747,0.25092775,3.93912,-0.026511947,17.413113,0.933054082095623,239,489472,458.51530139590614,489472,478.0
1362.7538609500002,1000.0,1362.7538609500002,1046,0.019777184,0.25771484,3.9197612,-0.023441702,18.347805,0.9398611262440681,240,491520,460.4734403619077,491520,488.0
1365.7405167749998,1000.0,1365.7405167749998,1054,0.025418162,0.2977539,3.9029725,-0.026585808,17.911264,0.9626021683216095,241,493568,462.417417953955,493568,477.0
1366.1295628,1000.0,1366.1295628,1059,0.027085781,0.3154297,3.8945878,-0.017403308,19.225561,0.9345852360129356,242,495616,464.35269496706314,495616,479.0
1363.5631830500001,1000.0,1363.5631830500001,1041,0.041820865,0.40839845,3.9093986,-0.030124534,29.360641,0.7190008163452148,243,497664,466.3195207261015,497664,481.0
1363.045814375,1000.0,1363.045814375,1028,0.024375997,0.29458007,3.891201,-0.030450698,18.093174,0.9223227053880692,244,499712,468.3109441290144,499712,477.0
1364.0490322,1000.0,1364.0490322,1073,0.026801234,0.28427735,3.890653,-0.03196595,27.017954,0.8913015574216843,245,501760,470.22004433791153,501760,472.0
1359.191622675,1000.0,1359.191622675,1073,0.022742897,0.28500977,3.9022007,-0.025825318,37.466953,0.8011336773633957,246,503808,472.1289023819845,503808,464.0
1361.193217625,1000.0,1361.193217625,1071,0.02667356,0.3199707,3.8965073,-0.028116256,19.815588,0.8812054470181465,247,505856,474.0414609089494,505856,475.0
1359.5638509249998,1000.0,1359.5638509249998,1074,0.014992036,0.20473632,3.886005,-0.022907335,16.644695,0.940027229487896,248,507904,475.94704404403456,507904,483.0
1361.292122625,1000.0,1361.292122625,1056,0.015579388,0.20898438,3.8804116,-0.026819414,13.931967,0.9797270093113184,249,509952,477.88640572107397,509952,477.0
1361.990886825,1000.0,1361.990886825,1073,0.034029506,0.33012694,3.8759384,-0.030397069,22.717104,0.8843590915203094,250,512000,479.79490934009664,512000,475.0
1361.147771175,1000.0,1361.147771175,1061,0.019310597,0.25639647,3.8527832,-0.028849373,13.995297,0.9555899575352669,251,514048,481.72438743012026,514048,473.0
1368.020035775,1000.0,1368.020035775,1055,0.030795122,0.34267578,3.8210118,-0.02892131,13.904936,0.9487032257020473,252,516096,483.6656085450668,516096,472.0
1370.08873355,1000.0,1370.08873355,1074,0.01589122,0.22333984,3.803225,-0.030872107,14.318457,0.9731095172464848,253,518144,485.57376374397427,518144,475.0
1390.50456375,1000.0,1390.50456375,1073,0.022066193,0.2713379,3.801347,-0.02511428,16.67209,0.9662272371351719,254,520192,487.4822913450189,520192,477.0
1391.855387575,1000.0,1391.855387575,1068,0.025324333,0.29916993,3.8041832,-0.01972807,19.463078,0.9587891846895218,255,522240,489.3987428469118,522240,471.0
1392.5040675750001,1000.0,1392.5040675750001,1064,0.023950199,0.2878418,3.7849991,-0.02780968,17.331585,0.9690074771642685,256,524288,491.32382312603295,524288,474.0
1392.8594875000001,1000.0,1392.8594875000001,1074,0.03866501,0.3807129,3.7650406,-0.033171847,15.986232,0.953297384083271,257,526336,493.23024181090295,526336,468.0
1401.768724825,1000.0,1401.768724825,1072,0.021803156,0.27573243,3.7327454,-0.022102332,15.520571,0.9402006156742573,258,528384,495.1406283550896,528384,477.0
1404.1942925750002,1000.0,1404.1942925750002,1075,0.02308451,0.28222656,3.7139919,-0.030000422,13.88114,0.9700682330876589,259,530432,497.04537382302806,530432,473.0
1405.09112065,1000.0,1405.09112065,1074,0.022199238,0.27231446,3.7162576,-0.020114,14.508011,0.9597786143422127,260,532480,498.95100002991967,532480,479.0
1404.2458899,1000.0,1404.2458899,1064,0.021687452,0.27685547,3.705019,-0.027779762,15.727936,0.9447909481823444,261,534528,500.87571838707663,534528,474.0
1409.345655975,1000.0,1409.345655975,1071,0.020257687,0.26621094,3.691059,-0.022944964,16.448505,0.9690141268074512,262,536576,502.78736431198195,536576,469.0
1414.308905225,1000.0,1414.308905225,1074,0.027282799,0.3179199,3.6976867,-0.026134666,17.460602,0.9518335722386837,263,538624,504.69392526405863,538624,478.0
1414.9781611499998,1000.0,1414.9781611499998,1070,0.037261307,0.37402344,3.7012215,-0.012587922,27.927362,0.8859369978308678,264,540672,506.60746242594905,540672,483.0
1422.994907975,1000.0,1422.994907975,1068,0.03105157,0.3387207,3.688181,-0.034337044,16.606838,0.9665661379694939,265,542720,508.52521749190055,542720,473.0
1426.9125741,1000.0,1426.9125741,1071,0.030952001,0.3458496,3.6578984,-0.03250603,13.610934,0.9728045240044594,266,544768,510.4364520329982,544768,485.0
1429.3601465250001,1000.0,1429.3601465250001,1073,0.022391481,0.27783203,3.6266239,-0.025659064,15.756247,0.9442777372896671,267,546816,512.3448822509963,546816,469.0
1431.2485844750001,1000.0,1431.2485844750001,1059,0.028870296,0.3293457,3.6138675,-0.030318165,14.999395,0.9454841911792755,268,548864,514.2783875670284,548864,480.0
1430.9910452,1000.0,1430.9910452,1072,0.03201852,0.34506837,3.6058803,-0.026807323,17.692442,0.910748653113842,269,550912,516.1878776839003,550912,482.0
1432.316136425,1000.0,1432.316136425,1054,0.036324378,0.36459962,3.5839226,-0.025042197,23.245155,0.9060467183589935,270,552960,518.1296829809435,552960,478.0
1436.159398175,1000.0,1436.159398175,1073,0.02180529,0.2779785,3.5804112,-0.03556362,13.748181,0.9705641306936741,271,555008,520.0384858830366,555008,477.0
1436.4734623,1000.0,1436.4734623,1060,0.025566015,0.28105468,3.5872216,-0.021587497,21.779182,0.916149340569973,272,557056,521.9701655530371,557056,478.0
1438.29882535,1000.0,1438.29882535,1074,0.020558046,0.26376954,3.5925121,-0.021652352,17.655014,0.9616745077073574,273,559104,523.8767454999033,559104,473.0
1436.9105015500002,1000.0,1436.9105015500002,1072,0.0342324,0.36347657,3.6025536,-0.025314808,15.15349,0.9383634440600872,274,561152,525.7873308009002,561152,480.0
1439.05540135,1000.0,1439.05540135,1075,0.027739674,0.32041016,3.6067917,-0.02717181,13.615016,0.9548553340137005,275,563200,527.6924204179086,563200,474.0
1439.69063785,1000.0,1439.69063785,948,0.020811748,0.27387697,3.5868516,-0.029323418,12.933907,0.9633820950984955,276,565248,529.8524795449339,565248,474.0
1442.55956105,1000.0,1442.55956105,988,0.025567267,0.30454102,3.5489106,-0.036548205,14.862323,0.983016712591052,277,567296,531.9253076319583,567296,484.0
1442.549803175,1000.0,1442.549803175,1053,0.031433403,0.35234374,3.54666,-0.026914204,19.011982,0.9011798426508904,278,569344,533.8695244321134,569344,475.0
1443.2641003249998,1000.0,1443.2641003249998,1063,0.025344279,0.29331055,3.5297272,-0.021147098,18.091366,0.9403627216815948,279,571392,535.7965830829926,571392,489.0
1444.7214801750001,1000.0,1444.7214801750001,1072,0.020212444,0.2572754,3.5143757,-0.03498024,10.880649,0.9804614409804344,280,573440,537.7061675770674,573440,476.0
1445.141549425,1000.0,1445.141549425,1069,0.025573358,0.30854493,3.5114174,-0.023531597,13.856972,0.9422239884734154,281,575488,539.6223536380567,575488,488.0
1444.922330625,1000.0,1444.922330625,1071,0.020240506,0.2650879,3.504457,-0.03136084,12.456568,0.9702545795589685,282,577536,541.5335338769946,577536,483.0
1446.954127175,1000.0,1446.954127175,1074,0.037959993,0.36499023,3.4986186,-0.033943094,12.811317,0.9540743120014668,283,579584,543.4404383420479,579584,477.0
1447.3513109,1000.0,1447.3513109,1068,0.01954698,0.26103514,3.4754677,-0.024833832,14.857951,0.9694379158318043,284,581632,545.3572475500405,581632,470.0
1448.9336929,1000.0,1448.9336929,1070,0.030695552,0.34809572,3.4545243,-0.03154207,15.162476,0.9828946385532618,285,583680,547.2732162328903,583680,478.0
1452.090096375,1000.0,1452.090096375,1069,0.030535873,0.34052736,3.4352562,-0.033640355,14.769536,0.9801006875932217,286,585728,549.188577221008,585728,490.0
1456.287274275,1000.0,1456.287274275,1067,0.025595939,0.31079102,3.3924148,-0.036933355,14.587912,0.9795350003987551,287,587776,551.1075373650528,587776,485.0
1456.561106025,1000.0,1456.561106025,1070,0.026486319,0.31206053,3.3746612,-0.030421998,19.090836,0.9260479956865311,288,589824,553.0240518569481,589824,481.0
1463.03149265,1000.0,1463.03149265,1064,0.0251478,0.3083008,3.3553524,-0.0324147,18.671183,0.9808439500629902,289,591872,554.948812759947,591872,480.0
1466.2446042,1000.0,1466.2446042,1070,0.051381655,0.32158202,3.3415608,-0.024899688,22.114195,0.9234594851732254,290,593920,556.8619498920161,593920,473.0
1459.7188359750003,1000.0,1459.7188359750003,1056,0.02052499,0.24438477,3.3424842,-0.020993989,53.913685,0.840957373380661,291,595968,558.8013918569777,595968,477.0
1462.187274275,1000.0,1462.187274275,1070,0.02018446,0.2572754,3.352262,-0.025820266,14.582651,0.9698803760111332,292,598016,560.7150251439307,598016,482.0
1468.4157125000002,1000.0,1468.4157125000002,1073,0.032607753,0.36293945,3.3627973,-0.03179597,19.20545,0.9862102651968598,293,600064,562.6224335450679,600064,472.0
1469.94766495,1000.0,1469.94766495,1072,0.021763315,0.26816407,3.356071,-0.01695909,17.839863,0.9159376174211502,294,602112,564.5330755859613,602112,476.0
1472.7627817,1000.0,1472.7627817,1062,0.029901654,0.31503907,3.3476772,-0.0248608,19.470535,0.937033973634243,295,604160,566.461403805064,604160,477.0
1476.0655327,1000.0,1476.0655327,1072,0.043931276,0.40234375,3.322126,-0.03306162,12.808421,0.9850949980318546,296,606208,568.372064969968,606208,478.0
1463.032789375,1000.0,1463.032789375,1066,0.0449507,0.3506836,3.307135,-0.00031491998,65.16423,0.8044463098049164,297,608256,570.2929209740832,608256,472.0
1467.193492675,1000.0,1467.193492675,1073,0.019973475,0.24643555,3.3107834,-0.023000294,10.104627,0.981335399672389,298,610304,572.2020541180391,610304,464.0
1470.80827135,1000.0,1470.80827135,1074,0.021836562,0.27270508,3.3073344,-0.026143659,14.183973,0.9624664597213268,299,612352,574.1084173740819,612352,464.0
1472.8700603250002,1000.0,1472.8700603250002,1071,0.022800524,0.29077148,3.2892978,-0.027421653,15.822859,0.9530505239963531,300,614400,576.0199154450092,614400,460.0
1475.07588325,1000.0,1475.07588325,1074,0.022811342,0.2897461,3.276189,-0.026996557,15.313623,0.9564177505671978,301,616448,577.926977120107,616448,474.0
1478.85944075,1000.0,1478.85944075,1070,0.019839324,0.26035157,3.266194,-0.026485905,12.405745,0.9743575435131788,302,618496,579.8404195520561,618496,479.0
1483.029629425,1000.0,1483.029629425,1061,0.031505294,0.34106445,3.2671885,-0.024295457,14.398213,0.9730888400226831,303,620544,581.7703002390917,620544,480.0
1481.949218275,1000.0,1481.949218275,1073,0.029683549,0.33066407,3.274873,-0.02766287,21.71623,0.9060921370983124,304,622592,583.6786172799766,622592,490.0
1480.45016985,1000.0,1480.45016985,1067,0.036397114,0.37695312,3.271043,-0.026259985,16.18108,0.9376717768609524,305,624640,585.596746922005,624640,474.0
1481.1326488250002,1000.0,1481.1326488250002,1070,0.020393495,0.26103514,3.272765,-0.027072009,16.427044,0.9499675408005714,306,626688,587.5096926330589,626688,480.0
1483.4712543,1000.0,1483.4712543,1074,0.025182456,0.3095215,3.2754815,-0.02447122,11.47364,0.9791283160448074,307,628736,589.4162833360024,628736,478.0
1484.334701025,1000.0,1484.334701025,1072,0.026877657,0.31279296,3.2696316,-0.028157929,14.768984,0.9547579996287823,308,630784,591.3268149439245,630784,466.0
1486.092169725,1000.0,1486.092169725,1072,0.023804288,0.28569335,3.2480836,-0.033597514,11.160378,0.9867673963308334,309,632832,593.2363846700173,632832,471.0
1493.8316761499998,1000.0,1493.8316761499998,1072,0.024236258,0.2993164,3.2395737,-0.022542786,11.011632,0.9792826529592276,310,634880,595.1472665469628,634880,485.0
1497.8111860249999,1000.0,1497.8111860249999,1076,0.021262769,0.26416016,3.22369,-0.0249141,13.610301,0.9660792797803879,311,636928,597.0508561918978,636928,480.0
1497.4981648,1000.0,1497.4981648,1055,0.0266028,0.28203124,3.2056384,-0.022430867,17.353668,0.9650082178413868,312,638976,598.9921402870677,638976,484.0
1496.43557375,1000.0,1496.43557375,1073,0.05177468,0.4272461,3.2070327,-0.024157053,26.975061,0.8642630130052567,313,641024,600.9000803020317,641024,479.0
1496.3658612,1000.0,1496.3658612,1066,0.024220502,0.3010742,3.1873946,-0.029362466,12.128238,0.9728325996547937,314,643072,602.8209291379899,643072,473.0
1497.180050075,1000.0,1497.180050075,1074,0.030093819,0.3416992,3.1801808,-0.030485248,14.435099,0.9445346221327782,315,645120,604.7270500070881,645120,477.0
1513.0736177499998,1000.0,1513.0736177499998,1063,0.018723432,0.24726562,3.1795666,-0.028307578,11.876814,0.9825404733419418,316,647168,606.6532344568986,647168,468.0
1513.3180354749998,1000.0,1513.3180354749998,1073,0.024903603,0.2953125,3.1884542,-0.024882872,14.359767,0.9611471146345139,317,649216,608.5611095160712,649216,475.0
1516.7707773999998,1000.0,1516.7707773999998,1067,0.031119918,0.34848633,3.1737459,-0.031989522,14.010185,0.982748419046402,318,651264,610.4808838330209,651264,476.0
1509.665882025,1000.0,1509.665882025,1069,0.06321414,0.38603514,3.1689365,-0.008029537,53.41746,0.8831837773323059,319,653312,612.3981571421027,653312,469.0
1510.5918839,1000.0,1510.5918839,1068,0.016886141,0.2165039,3.1392553,-0.02124615,11.124247,0.9737235233187675,320,655360,614.3161627158988,655360,456.0
1511.370133725,1000.0,1511.370133725,1075,0.021094836,0.27446288,3.112863,-0.029508948,13.849203,0.9646562561392784,321,657408,616.2208544081077,657408,467.0
1514.69119325,1000.0,1514.69119325,1050,0.018587751,0.24736328,3.1156576,-0.030416667,12.769619,0.9824005495756865,322,659456,618.1716195431072,659456,472.0
1497.60382775,1000.0,1497.60382775,1066,0.035860516,0.32827148,3.126305,-0.013013475,60.46348,0.8617749661207199,323,661504,620.091559309978,661504,460.0
1501.5969596250002,1000.0,1501.5969596250002,1054,0.016730804,0.22763672,3.1035056,-0.026749786,11.77986,0.971891401335597,324,663552,622.033340601949,663552,462.0
1503.1974037249997,1000.0,1503.1974037249997,1075,0.031966537,0.34682617,3.0696218,-0.03017953,12.2880125,0.9682166427373886,325,665600,623.9381713429466,665600,466.0
1505.718398575,1000.0,1505.718398575,1072,0.023055919,0.2894043,3.0456529,-0.030884754,9.543573,0.9872123980894685,326,667648,625.8484919669572,667648,474.0
1506.66654565,1000.0,1506.66654565,1073,0.017842751,0.24086913,3.0333817,-0.021818724,14.841014,0.9533098526299,327,669696,627.7567707719281,669696,485.0
1509.689567775,1000.0,1509.689567775,1053,0.04098395,0.30029297,3.024077,-0.027783763,27.314014,0.9365920722484589,328,671744,629.7015939939301,671744,480.0
1503.7565175250002,1000.0,1503.7565175250002,1013,0.03939433,0.39204103,3.033275,-0.020456113,37.857903,0.8078696727752686,329,673792,631.7234948091209,673792,477.0
1504.56533455,1000.0,1504.56533455,1064,0.030798584,0.34677735,3.0412161,-0.029862057,11.184075,0.9699552170932293,330,675840,633.6495046799537,675840,473.0
1506.01319005,1000.0,1506.01319005,1063,0.024121365,0.28774413,3.0303311,-0.022197446,11.151601,0.9710744060575962,331,677888,635.5749161851127,677888,467.0
1507.5037832000003,1000.0,1507.5037832000003,1068,0.022025753,0.27314454,3.0322506,-0.022710683,10.043373,0.9772394225001335,332,679936,637.4927041830961,679936,474.0
1509.3232126750001,1000.0,1509.3232126750001,1054,0.034725226,0.3597168,3.0443585,-0.022171484,24.449898,0.9143785387277603,333,681984,639.4361836449243,681984,469.0
1512.6407498,1000.0,1512.6407498,1057,0.020234063,0.26259765,3.052668,-0.02626371,10.4185505,0.9826167449355125,334,684032,641.3725027670152,684032,475.0
1515.31420065,1000.0,1515.31420065,1078,0.030940916,0.33979493,3.0547724,-0.029558048,9.693976,0.9843233749270439,335,686080,643.2727142099757,686080,467.0
1517.89468395,1000.0,1517.89468395,1076,0.023590697,0.26611328,3.0424142,-0.02044673,15.810979,0.9729813877493143,336,688128,645.1756359830033,688128,463.0
1518.2318323499999,1000.0,1518.2318323499999,1060,0.027996412,0.32460937,3.0272183,-0.021029059,11.449971,0.9710604604333639,337,690176,647.1076060079504,690176,479.0
1517.6577368,1000.0,1517.6577368,1070,0.02757721,0.30815428,3.0097165,-0.022809794,11.862536,0.9771852437406778,338,692224,649.0216444700491,692224,479.0
1528.343381775,1000.0,1528.343381775,1069,0.048042532,0.4161133,2.9803374,-0.031170567,13.519068,0.9548935703933239,339,694272,650.9370169199537,694272,461.0
1529.20488255,1000.0,1529.20488255,1072,0.032948807,0.35673827,2.9585855,-0.031185508,12.469646,0.9674004800617695,340,696320,652.8474369659089,696320,475.0
1529.725456175,1000.0,1529.725456175,1073,0.0317089,0.332666,2.944628,-0.03272189,12.129611,0.9707906730473042,341,698368,654.7562504459638,698368,468.0
1532.03817385,1000.0,1532.03817385,1073,0.027841786,0.31694335,2.945773,-0.030917699,11.454106,0.9893658505752683,342,700416,656.6650498360395,700416,472.0
1551.223826725,1000.0,1551.223826725,1071,0.025956452,0.29711914,2.931373,-0.029681051,9.64027,0.9717912171036005,343,702464,658.5762140851002,702464,469.0
1551.63927615,1000.0,1551.63927615,1069,0.03081221,0.3334961,2.9067883,-0.01926072,9.7920885,0.9748265147209167,344,704512,660.4924811329693,704512,473.0
1551.4682044249998,1000.0,1551.4682044249998,1070,0.029560164,0.32597655,2.9144044,-0.020877013,18.231451,0.9530325755476952,345,706560,662.4054964939132,706560,476.0
1555.13563355,1000.0,1555.13563355,1074,0.027304208,0.31396484,2.944893,-0.020434938,14.513536,0.9788204431533813,346,708608,664.3119339880068,708608,464.0
1555.9074446250002,1000.0,1555.9074446250002,1075,0.032370858,0.317041,2.955112,-0.030008141,27.234997,0.935929074883461,347,710656,666.2172919290606,710656,475.0
1556.4798642,1000.0,1556.4798642,1071,0.039260697,0.3947754,2.943978,-0.021891098,38.229828,0.8233205229043961,348,712704,668.128343291115,712704,464.0
1559.0695762250002,1000.0,1559.0695762250002,1071,0.027065326,0.3136719,2.9209583,-0.033107225,10.781507,0.9805649425834417,349,714752,670.0395708989818,714752,475.0
1560.129177325,1000.0,1560.129177325,1061,0.027888825,0.32290038,2.9187207,-0.027673757,8.178153,0.9815657045692205,350,716800,671.9696885759477,716800,479.0
1563.4790275999999,1000.0,1563.4790275999999,1073,0.023117179,0.27441406,2.9357874,-0.026791949,9.175344,0.9822058826684952,351,718848,673.8786807330325,718848,472.0
1565.488352825,1000.0,1565.488352825,1073,0.020050233,0.25307617,2.9316037,-0.020831468,12.069719,0.981549771502614,352,720896,675.7874660789967,720896,470.0
1571.071290525,1000.0,1571.071290525,1073,0.03559875,0.37573242,2.930879,-0.035759646,10.614925,0.986117897555232,353,722944,677.6950141729321,722944,481.0
1568.2465755,1000.0,1568.2465755,1054,0.08256818,0.41088867,2.9321113,-0.027595878,30.211777,0.895230770111084,354,724992,679.6375415010843,724992,472.0
1568.49967315,1000.0,1568.49967315,1065,0.026045704,0.32319337,2.9119687,-0.030575488,7.7315536,0.9880308201536536,355,727040,681.5605738300364,727040,466.0
1566.1102217,1000.0,1566.1102217,1071,0.03612315,0.3175293,2.9010742,-0.018753601,35.50653,0.8604922741651535,356,729088,683.4723306749947,729088,478.0
1566.5693306,1000.0,1566.5693306,1060,0.027363162,0.31923828,2.8934743,-0.027932953,9.291779,0.98237051256001,357,731136,685.4048533590976,731136,476.0
1567.6531109750001,1000.0,1567.6531109750001,1072,0.023216676,0.2948242,2.8754313,-0.026689464,13.403874,0.9580667242407799,358,733184,687.3144960070495,733184,471.0
1570.741961525,1000.0,1570.741961525,1074,0.023237577,0.2951172,2.8656077,-0.028896103,9.331247,0.9846667237579823,359,735232,689.2201759130694,735232,473.0
1571.75923315,1000.0,1571.75923315,1072,0.032455344,0.3726074,2.85499,-0.030874059,9.69599,0.9735514800995588,360,737280,691.1302499189042,737280,480.0
1573.571437525,1000.0,1573.571437525,1072,0.027922165,0.31508788,2.8255324,-0.013856562,14.414813,0.9843190182000399,361,739328,693.0403575680684,739328,473.0
1573.366476475,1000.0,1573.366476475,1050,0.03159533,0.3458496,2.8208754,-0.030859262,8.486073,0.9802872929722071,362,741376,694.9904157829005,741376,458.0
1574.8376409,1000.0,1574.8376409,1073,0.025504991,0.2706543,2.844715,-0.027861241,13.833754,0.9680365137755871,363,743424,696.8986260760576,743424,469.0
1573.3865412,1000.0,1573.3865412,1073,0.03513882,0.37646484,2.8702295,-0.019711245,19.832806,0.9417791031301022,364,745472,698.8063503399026,745472,473.0
1572.964524925,1000.0,1572.964524925,1059,0.03267433,0.35214844,2.8653097,-0.027386403,10.292547,0.9652092233300209,365,747520,700.740176880965,747520,471.0
1574.395100825,1000.0,1574.395100825,1069,0.035144366,0.31723633,2.8431911,-0.024461055,16.69682,0.9654132165014744,366,749568,702.6589132170193,749568,462.0
1581.3564707,1000.0,1581.3564707,1074,0.0328792,0.33969727,2.8432636,-0.01583925,20.21886,0.9663851968944073,367,751616,704.5652574850246,751616,466.0
1579.65844465,1000.0,1579.65844465,1073,0.037151437,0.3744629,2.8523698,-0.025740534,17.156008,0.9359249100089073,368,753664,706.474365408998,753664,470.0
1579.9197143249999,1000.0,1579.9197143249999,1074,0.031830728,0.3293457,2.833508,-0.03191483,11.589811,0.9713757615536451,369,755712,708.3803710599896,755712,473.0
1579.1219617,1000.0,1579.1219617,1072,0.033549,0.34228516,2.8241568,-0.03407024,8.983973,0.9797674808651209,370,757760,710.2906068039592,757760,462.0
1579.484314925,1000.0,1579.484314925,1074,0.027308607,0.32280272,2.8190384,-0.028572699,13.526143,0.9668833538889885,371,759808,712.1969096160028,759808,446.0
1580.7825874750001,1000.0,1580.7825874750001,1074,0.02582078,0.3086914,2.8211517,-0.028386002,14.207495,0.9831025917083025,372,761856,714.1033268230967,761856,461.0
1583.41059705,1000.0,1583.41059705,1075,0.031337045,0.3400879,2.829054,-0.02522419,13.204427,0.9886714983731508,373,763904,716.0077164380345,763904,447.0
1590.414554625,1000.0,1590.414554625,1058,0.022633474,0.28447264,2.8276772,-0.031296197,8.064052,0.9898660266771913,374,765952,717.9424520221073,765952,463.0
1590.9850796750002,1000.0,1590.9850796750002,1073,0.02544577,0.30385742,2.818356,-0.029216606,10.28361,0.9812423028051853,375,768000,719.8503271730151,768000,467.0
1596.3324446499998,1000.0,1596.3324446499998,1068,0.031598307,0.35175782,2.8109267,-0.03198865,8.068732,0.9837965667247772,376,770048,721.7680578129366,770048,457.0
1596.366926225,1000.0,1596.366926225,1072,0.034997195,0.37329102,2.8127484,-0.031677693,10.131136,0.9717374183237553,377,772096,723.6782610029913,772096,474.0
1596.863223825,1000.0,1596.863223825,1074,0.041709904,0.40756837,2.8071346,-0.031671945,11.226427,0.9706535022705793,378,774144,725.5843868888915,774144,462.0
1601.346560625,1000.0,1601.346560625,1073,0.03770613,0.35722655,2.8079476,-0.035006724,12.023699,0.9878392089158297,379,776192,727.4921672029886,776192,464.0
1602.40549375,1000.0,1602.40549375,1074,0.026325798,0.31923828,2.786767,-0.028490204,8.909154,0.976988622918725,380,778240,729.3989378360566,778240,456.0
1602.379230725,1000.0,1602.379230725,1069,0.025905233,0.3050293,2.7601025,-0.026297906,7.2413445,0.9878615224733949,381,780288,731.3146259030327,780288,451.0
1602.4259136,1000.0,1602.4259136,1071,0.027904455,0.317041,2.7556143,-0.021691797,18.22694,0.9457207135856152,382,782336,733.227227791911,782336,466.0
1602.8942598,1000.0,1602.8942598,1070,0.030274276,0.3334961,2.7636485,-0.028713102,19.944561,0.9379504583775997,383,784384,735.1405050919857,784384,463.0
1606.207286625,1000.0,1606.207286625,1071,0.031363666,0.3274414,2.748803,-0.021403382,15.066945,0.9766851887106895,384,786432,737.0514170920942,786432,459.0
1606.9043022499998,1000.0,1606.9043022499998,1074,0.03746548,0.38828126,2.7617974,-0.027064938,10.474005,0.9698794446885586,385,788480,738.958602888044,788480,459.0
1608.013147575,1000.0,1608.013147575,1075,0.027132237,0.29550782,2.7485945,-0.03111803,16.254887,0.9551488049328327,386,790528,740.863917726092,790528,461.0
1608.79576665,1000.0,1608.79576665,1071,0.023664165,0.28833008,2.7223606,-0.026054706,8.095126,0.9816908724606037,387,792576,742.7748638419434,792576,456.0
1610.198932575,1000.0,1610.198932575,1074,0.04897166,0.3836914,2.7286747,-0.03321111,18.054264,0.9462545923888683,388,794624,744.6815526990686,794624,451.0
1608.1901189249998,1000.0,1608.1901189249998,1074,0.035359155,0.36635742,2.7370687,-0.022151329,33.165234,0.8875576704740524,389,796672,746.5880043630023,796672,450.0
1606.71235145,1000.0,1606.71235145,1074,0.044660565,0.40424806,2.737426,-0.027025038,25.730555,0.9039490446448326,390,798720,748.4936386130285,798720,458.0
1609.6921266000002,1000.0,1609.6921266000002,1076,0.02055093,0.26450196,2.7202706,-0.02551649,13.403859,0.9816525559872389,391,800768,750.397322549019,800768,460.0
1610.5603045250002,1000.0,1610.5603045250002,1075,0.026755834,0.31069335,2.7081845,-0.030559134,8.721365,0.9857517834752798,392,802816,752.3023970550857,802816,454.0
1610.1345274,1000.0,1610.1345274,1074,0.02584045,0.27358398,2.7130742,-0.025792116,13.740163,0.9722739197313786,393,804864,754.2084879479371,804864,469.0
1609.0344203,1000.0,1609.0344203,1073,0.034654293,0.3612793,2.713864,-0.022257969,11.160849,0.96841936185956,394,806912,756.1169103840366,806912,448.0
1610.81272115,1000.0,1610.81272115,1060,0.01932311,0.2489746,2.7120824,-0.027662028,7.4769425,0.9894035011529922,395,808960,758.0489869778976,808960,459.0
1613.110955525,1000.0,1613.110955525,1070,0.026004676,0.3053711,2.7109983,-0.030027559,7.5647764,0.9854253651574254,396,811008,759.9634505528957,811008,441.0
1612.070670325,1000.0,1612.070670325,1068,0.043380763,0.40634766,2.7087028,-0.026609773,17.517422,0.9397374987602234,397,813056,761.8801879019011,813056,449.0
1613.7029492000001,1000.0,1613.7029492000001,1074,0.033051558,0.31352538,2.688664,-0.030789997,13.415128,0.9752917494624853,398,815104,763.7858100209851,815104,459.0
1610.5037474,1000.0,1610.5037474,1077,0.04931072,0.42573243,2.6808782,-0.021871354,22.331793,0.9207221120595932,399,817152,765.687262116,817152,459.0
1612.45769685,1000.0,1612.45769685,1077,0.023625417,0.2959961,2.6509326,-0.030779373,6.5032196,0.9906101189553738,400,819200,767.5888488560449,819200,462.0
1614.068094275,1000.0,1614.068094275,1077,0.021282505,0.26425782,2.622826,-0.03538669,8.481135,0.9883482297882438,401,821248,769.4894172309432,821248,442.0
1618.8156649,1000.0,1618.8156649,1070,0.029052144,0.31088868,2.607836,-0.038798515,6.680575,0.9889951143413782,402,823296,771.4030376039445,823296,469.0
1619.0111241250002,1000.0,1619.0111241250002,1051,0.033755567,0.36967772,2.5971088,-0.029029142,7.3380404,0.9822559021413326,403,825344,773.3514190099668,825344,458.0
1621.7049703750001,1000.0,1621.7049703750001,1062,0.023772338,0.29682618,2.608015,-0.028184947,6.1311493,0.9908643923699856,404,827392,775.2797042890452,827392,456.0
1625.8979277,1000.0,1625.8979277,1061,0.028591428,0.3223633,2.607491,-0.02750032,9.497846,0.9896661397069693,405,829440,777.2104885859881,829440,452.0
1626.84099165,1000.0,1626.84099165,1063,0.028038219,0.3215332,2.5904548,-0.027546067,8.226538,0.9803403131663799,406,831488,779.1374021340162,831488,459.0
1629.856769175,1000.0,1629.856769175,1070,0.035454564,0.37124023,2.562886,-0.03230338,7.53286,0.9867557492107153,407,833536,781.0501501921099,833536,435.0
1636.383635625,1000.0,1636.383635625,1064,0.03003126,0.34101564,2.5489602,-0.03347879,6.4443436,0.9879691815003753,408,835584,782.9747434440069,835584,448.0
1638.294779075,1000.0,1638.294779075,1069,0.026513726,0.28886718,2.5354612,-0.022081465,10.312478,0.9785439278930426,409,837632,784.8899033719208,837632,429.0
1640.93587265,1000.0,1640.93587265,1072,0.032164842,0.35634765,2.5321279,-0.03313123,7.439782,0.9891510270535946,410,839680,786.8002135809511,839680,454.0
1642.8386090749998,1000.0,1642.8386090749998,1075,0.034802288,0.35996094,2.5328956,-0.03182002,6.9997277,0.9866477055475116,411,841728,788.7044649100862,841728,454.0
1640.4690176749998,1000.0,1640.4690176749998,1067,0.032980755,0.36201173,2.5263007,-0.029303918,11.202557,0.96843296661973,412,843776,790.6238916760776,843776,456.0
1642.456654675,1000.0,1642.456654675,1075,0.03453971,0.3540039,2.5114665,-0.024894956,11.881293,0.96656608954072,413,845824,792.531646772055,845824,444.0
1644.6975237500003,1000.0,1644.6975237500003,1076,0.020341827,0.26689452,2.506065,-0.033988543,6.120825,0.9894319605082273,414,847872,794.4349576220848,847872,441.0
1644.3900810750001,1000.0,1644.3900810750001,1078,0.024403898,0.2908203,2.5068128,-0.025550026,8.516641,0.9805451706051826,415,849920,796.3347193249501,849920,432.0
1648.21334905,1000.0,1648.21334905,1059,0.02657575,0.3065918,2.5241692,-0.031075325,7.36165,0.9873183313757181,416,851968,798.2672893470153,851968,435.0
1650.741608975,1000.0,1650.741608975,1060,0.026565757,0.31845704,2.5287507,-0.032926973,7.5178285,0.9888761136680841,417,854016,800.1991247269325,854016,434.0
1653.5082467749999,1000.0,1653.5082467749999,1053,0.027030826,0.3190918,2.5208006,-0.02356082,12.114504,0.9719865024089813,418,856064,802.142851931043,856064,432.0
1655.3959854749999,1000.0,1655.3959854749999,1076,0.033021715,0.35380858,2.52455,-0.016049983,10.746093,0.9814438559114933,419,858112,804.0462327341083,858112,413.0
1654.17371275,1000.0,1654.17371275,1056,0.04680167,0.41601562,2.4973986,-0.024577476,12.180179,0.9657919369637966,420,860160,805.9848938148934,860160,443.0
1653.169750275,1000.0,1653.169750275,1073,0.042595685,0.40649414,2.4802537,-0.026547452,12.685705,0.9640954472124577,421,862208,807.892642640043,862208,423.0
1655.122603175,1000.0,1655.122603175,1061,0.022169216,0.28496093,2.466762,-0.024773475,7.1274323,0.9861801471561193,422,864256,809.8226992420387,864256,435.0
1656.5838463499997,1000.0,1656.5838463499997,1066,0.028275583,0.32456055,2.4683108,-0.02687493,8.635646,0.9807165917009115,423,866304,811.7432780559175,866304,446.0
1657.7485337499998,1000.0,1657.7485337499998,1071,0.024279632,0.28344727,2.4468515,-0.025315886,12.9089,0.981514111161232,424,868352,813.6548057070468,868352,449.0
1658.1356418999997,1000.0,1658.1356418999997,1074,0.035775416,0.36982423,2.4500937,-0.025133515,8.269487,0.9835179354995489,425,870400,815.5613434920087,870400,447.0
1661.0233841499999,1000.0,1661.0233841499999,1057,0.029513264,0.3341797,2.4292235,-0.016651642,11.336663,0.9776665531098843,426,872448,817.4984849230386,872448,445.0
1662.0533569499999,1000.0,1662.0533569499999,1062,0.034549497,0.35805663,2.4081388,-0.024364227,7.402166,0.9852957278490067,427,874496,819.4278629280161,874496,435.0
1664.456714175,1000.0,1664.456714175,1060,0.028263355,0.32773438,2.419322,-0.019958438,15.686783,0.9724484067410231,428,876544,821.3601180289406,876544,448.0
1663.8446201250001,1000.0,1663.8446201250001,1030,0.040029462,0.39833984,2.447337,-0.019824075,9.289807,0.9751917012035847,429,878592,823.3475621389225,878592,439.0
1664.3171004249998,1000.0,1664.3171004249998,1067,0.028644362,0.30664062,2.4641385,-0.022155879,19.80826,0.9632821567356586,430,880640,825.2669741869904,880640,434.0
1663.011355,1000.0,1663.011355,1072,0.03818135,0.3899414,2.4646454,-0.025721263,22.330662,0.9372093081474304,431,882688,827.1774834769312,882688,429.0
1664.3072416000002,1000.0,1664.3072416000002,1042,0.031577718,0.33012694,2.4628394,-0.023777928,10.8837595,0.9765834882855415,432,884736,829.142739451956,884736,425.0
1667.734697875,1000.0,1667.734697875,1066,0.030731183,0.31875,2.4364085,-0.02678796,7.1057725,0.9866912942379713,433,886784,831.0641860780306,886784,433.0
1669.8314438749999,1000.0,1669.8314438749999,1075,0.026548367,0.30966797,2.4432883,-0.02127281,8.5297165,0.985424192622304,434,888832,832.9689830399584,888832,446.0
1670.883507425,1000.0,1670.883507425,1075,0.029081712,0.33862305,2.450797,-0.030257538,9.035818,0.9824731256812811,435,890880,834.8730411650613,890880,454.0
1673.4358076249998,1000.0,1673.4358076249998,1071,0.03082859,0.3561035,2.4597087,-0.029892657,8.363676,0.988828388042748,436,892928,836.7853777420241,892928,437.0
1676.945796,1000.0,1676.945796,1056,0.03184316,0.34897462,2.4432063,-0.026674649,8.450429,0.9895817702636123,437,894976,838.7250229010824,894976,430.0
1681.277305825,1000.0,1681.277305825,1050,0.035325352,0.37563476,2.415139,-0.036084518,5.7605414,0.9896486671641469,438,897024,840.6744315631222,897024,444.0
1682.2975880499998,1000.0,1682.2975880499998,1072,0.040434632,0.39404297,2.3742273,-0.029184243,7.8412995,0.9823821745812893,439,899072,842.5850717509165,899072,446.0
1686.0834194499998,1000.0,1686.0834194499998,1074,0.036731713,0.38842773,2.351428,-0.034534566,7.2357,0.9895966276526451,440,901120,844.4907976360992,901120,447.0
1687.1334285499997,1000.0,1687.1334285499997,1076,0.029949218,0.33012694,2.3241267,-0.028278138,9.866855,0.9758440032601357,441,903168,846.3944783620536,903168,456.0
1687.0912950499999,1000.0,1687.0912950499999,1074,0.037139807,0.384375,2.3104541,-0.028629046,14.136907,0.9588731788098812,442,905216,848.3016613349319,905216,440.0
1685.64472355,1000.0,1685.64472355,1068,0.021892263,0.28823242,2.2941058,-0.02737234,6.731279,0.9873525463044643,443,907264,850.21804978,907264,455.0
1687.1647189250002,1000.0,1687.1647189250002,1071,0.031998456,0.34731445,2.2890987,-0.02495419,7.5457773,0.9846535213291645,444,909312,852.1319519151002,909312,440.0
1686.34421725,1000.0,1686.34421725,1074,0.04196719,0.39321288,2.2932718,-0.01995467,16.669582,0.9549960196018219,445,911360,854.0380444359034,911360,443.0
1688.1785449499998,1000.0,1688.1785449499998,1073,0.041282516,0.4022461,2.290061,-0.028837228,9.3654995,0.9871809342876077,446,913408,855.9463402440306,913408,425.0
1688.2309115249998,1000.0,1688.2309115249998,1076,0.053458534,0.38154298,2.2916517,-0.028926095,23.2094,0.9332210421562195,447,915456,857.8498640130274,915456,454.0
1681.694273675,1000.0,1681.694273675,1072,1.0827074,0.38242188,2.2693863,-0.04076565,25.722553,0.9538685269653797,448,917504,859.7595684989356,917504,447.0
1685.8478454750002,1000.0,1685.8478454750002,1074,0.023996716,0.29765624,2.2449837,-0.0288981,7.90708,0.9895703615620732,449,919552,861.6654289159924,919552,427.0
1687.5170734749997,1000.0,1687.5170734749997,1077,0.02872084,0.32958984,2.2528732,-0.026685532,6.1900024,0.9899430042132735,450,921600,863.5663173429202,921600,430.0
1687.5735576250001,1000.0,1687.5735576250001,1060,0.031074595,0.3133789,2.257878,-0.021511847,14.409015,0.9668434225022793,451,923648,865.497235679999,923648,435.0
1689.1114081,1000.0,1689.1114081,1074,0.02281342,0.2870117,2.2703445,-0.029197836,7.074833,0.990359335206449,452,925696,867.4035497820005,925696,443.0
1690.7270201749998,1000.0,1690.7270201749998,1031,0.02809951,0.32421875,2.260343,-0.024484253,7.060302,0.9892733078449965,453,927744,869.3899004668929,927744,435.0
1692.155431275,1000.0,1692.155431275,1069,0.027522732,0.31958008,2.242635,-0.026263084,8.663117,0.9882436729967594,454,929792,871.306013898924,929792,437.0
1694.8951644499998,1000.0,1694.8951644499998,1059,0.035921432,0.38413087,2.2377014,-0.033670906,11.552343,0.987364899367094,455,931840,873.2393823640887,931840,439.0
1693.1894674750001,1000.0,1693.1894674750001,1074,0.027845051,0.32426757,2.230833,-0.027116159,9.797228,0.9797697328031063,456,933888,875.1452463860624,933888,451.0
1692.6704324999998,1000.0,1692.6704324999998,1074,0.03172183,0.3503418,2.2349217,-0.02862068,7.3933005,0.9914452601224184,457,935936,877.0514615029097,935936,459.0
1695.6682514750003,1000.0,1695.6682514750003,1057,0.0439515,0.41757813,2.207829,-0.025090795,8.329153,0.9905257513746619,458,937984,878.9883101431187,937984,448.0
1697.167501675,1000.0,1697.167501675,1070,0.0269985,0.32773438,2.1801531,-0.021632565,7.6863427,0.9901755331084132,459,940032,880.9027018130291,940032,431.0
1697.7781731000002,1000.0,1697.7781731000002,1073,0.023804745,0.30034178,2.164485,-0.024774577,7.3397512,0.9902997622266412,460,942080,882.8125199130736,942080,429.0
1699.8939814500002,1000.0,1699.8939814500002,1075,0.03310839,0.3626953,2.1380475,-0.02737003,8.44271,0.9842712860554457,461,944128,884.7165634629782,944128,422.0
1693.72054545,1000.0,1693.72054545,1073,14.1987915,0.48969728,2.0890212,-0.04013107,59.22735,0.9175059124827385,462,946176,886.6255933770444,946176,440.0
1694.081096825,1000.0,1694.081096825,1074,0.027995074,0.33842772,2.0227823,-0.027825499,5.8615203,0.9906219309195876,463,948224,888.5322545270901,948224,426.0
1700.2463360499999,1000.0,1700.2463360499999,1059,0.03208294,0.3508789,2.0291119,-0.029513324,7.526812,0.9898941684514284,464,950272,890.4657688150182,950272,439.0
1700.9472558749999,1000.0,1700.9472558749999,1078,0.034074176,0.36494142,2.0362716,-0.031005105,6.4268684,0.9911556374281645,465,952320,892.364611193072,952320,427.0
1703.9769026499998,1000.0,1703.9769026499998,1075,0.028896336,0.33818358,2.0420904,-0.0283333,5.598284,0.9912057723850012,466,954368,894.2699180149939,954368,424.0
1711.8033820999997,1000.0,1711.8033820999997,1073,0.030341709,0.3383301,2.0378456,-0.025493305,8.188074,0.9834990911185741,467,956416,896.1787440890912,956416,434.0
1715.0559577249999,1000.0,1715.0559577249999,1074,0.04644134,0.4161621,2.0083604,-0.025395852,6.128981,0.9913260350003839,468,958464,898.0846251230687,958464,445.0
1716.7670238749997,1000.0,1716.7670238749997,1072,0.034972332,0.36591798,1.9759967,-0.02781498,6.6534433,0.9885058924555779,469,960512,899.9955073581077,960512,434.0
1718.3063288999997,1000.0,1718.3063288999997,1070,0.026153391,0.32797852,1.9827932,-0.029161125,8.075392,0.9839904066175222,470,962560,901.9098260439932,962560,436.0
1721.7901590000001,1000.0,1721.7901590000001,1074,0.026557814,0.3088867,1.9960682,-0.022852438,7.3832045,0.9896636595949531,471,964608,903.8161430789623,964608,428.0
1720.6165955999998,1000.0,1720.6165955999998,1079,0.052622516,0.43666992,2.0184197,-0.028629353,16.787485,0.9575203061103821,472,966656,905.7140768649988,966656,432.0
1720.3921801999998,1000.0,1720.3921801999998,1075,0.034561597,0.36557618,2.0249877,-0.018229889,16.380524,0.9665200412273407,473,968704,907.6195093858987,968704,424.0
1718.98866665,1000.0,1718.98866665,1079,0.031721074,0.3446289,2.021019,-0.025805026,13.158171,0.9728947412222624,474,970752,909.5166313780937,970752,418.0
1718.6596367500001,1000.0,1718.6596367500001,1064,0.032363605,0.3565918,2.0280666,-0.026967332,10.782952,0.9777591042220592,475,972800,911.4402921278961,972800,419.0
1722.758723925,1000.0,1722.758723925,1075,0.026965877,0.3208496,1.9946163,-0.026804194,7.9043236,0.9894614042714238,476,974848,913.3453096449375,974848,421.0
1724.2578810500004,1000.0,1724.2578810500004,1038,0.034235038,0.3527832,1.9749794,-0.027439315,8.441706,0.988345823250711,477,976896,915.3172110388987,976896,428.0
1725.1728785749997,1000.0,1725.1728785749997,1067,0.029270813,0.32016602,1.9690889,-0.017426563,9.269472,0.9863769980147481,478,978944,917.2368892130908,978944,411.0
1728.177038325,1000.0,1728.177038325,1059,0.035987094,0.37060547,1.9679769,-0.018989457,8.887854,0.9911860404536128,479,980992,919.1710100099444,980992,416.0
1729.1401041250003,1000.0,1729.1401041250003,1081,0.029009154,0.33364257,1.9760824,-0.027370978,8.422772,0.986934207379818,480,983040,921.0659157040063,983040,415.0
1742.8827424000003,1000.0,1742.8827424000003,1076,0.03959091,0.37504882,1.9624586,-0.025379961,6.411668,0.9911141702905297,481,985088,922.9695613190997,985088,431.0
1744.0387781750003,1000.0,1744.0387781750003,1065,0.03253487,0.3440918,1.961991,-0.032505494,6.083012,0.9911527941003442,482,987136,924.8922885530628,987136,441.0
1743.6836476249998,1000.0,1743.6836476249998,1071,0.046363376,0.4211914,1.9435177,-0.030191517,12.663036,0.9707236737012863,483,989184,926.8043195779901,989184,436.0
1744.111556825,1000.0,1744.111556825,1077,0.027814493,0.3275879,1.9238863,-0.021964971,12.588762,0.984137449413538,484,991232,928.7056314640213,991232,417.0
1745.3577785749999,1000.0,1745.3577785749999,1007,0.031111654,0.3473633,1.917886,-0.022683209,6.400173,0.9897860791534185,485,993280,930.7378768241033,993280,422.0
1747.7579997250002,1000.0,1747.7579997250002,1072,0.037451442,0.39121094,1.9361827,-0.02798202,6.8180313,0.9899100251495838,486,995328,932.6502705400344,995328,431.0
1750.9108343500004,1000.0,1750.9108343500004,1073,0.036904793,0.39418945,1.9294603,-0.034362894,5.7496905,0.9920191671699286,487,997376,934.5585981949698,997376,433.0
1748.5132206000003,1000.0,1748.5132206000003,1060,0.041513633,0.40190428,1.901552,-0.026707882,21.037403,0.9461421705782413,488,999424,936.4904859529343,999424,436.0
