AverageReturn,Entropy,EpLenMean,EpRewMean,EpThisIter,EpisodesSoFar,SilSamples,TimeElapsed,TimestepsSoFar,entloss,ev_tdlam_before,meankl,optimgain,surrgain
-22.712545,8.479028,1000.0,-22.712545,2,2,191.0,3.184077024459839,2000,0.0,-0.008322000503540039,0.008899074,0.035117246,0.035117246
-38.161865,8.443935,1000.0,-38.161865,2,4,214.0,4.955418109893799,4000,0.0,0.06586652994155884,0.00892218,0.043236703,0.043236703
-98.39297,8.40905,1000.0,-98.39297,2,6,204.0,6.77445125579834,6000,0.0,0.1409512758255005,0.008968791,0.03982847,0.03982847
-78.22362,8.374151,1000.0,-78.22362,2,8,221.0,8.572910070419312,8000,0.0,-1.4666471481323242,0.008947225,0.0426568,0.0426568
-69.236565,8.339605,1000.0,-69.236565,2,10,248.0,10.366745233535767,10000,0.0,0.07093298435211182,0.008900354,0.03865815,0.03865815
-64.30476,8.304694,1000.0,-64.30476,2,12,253.0,12.155204057693481,12000,0.0,0.04866915941238403,0.008890616,0.042512465,0.042512465
-65.28598,8.269404,1000.0,-65.28598,2,14,238.0,13.922537088394165,14000,0.0,0.02717643976211548,0.009087289,0.048528634,0.048528634
-57.694588,8.233376,1000.0,-57.694588,2,16,254.0,15.695468187332153,16000,0.0,0.08527994155883789,0.008860325,0.04496321,0.04496321
-50.432278,8.198459,1000.0,-50.432278,2,18,214.0,17.485167264938354,18000,0.0,0.22312843799591064,0.008769074,0.050696194,0.050696194
-53.029316,8.162117,1000.0,-53.029316,2,20,231.0,19.255940198898315,20000,0.0,-0.11592984199523926,0.009085447,0.04735723,0.04735723
-43.802063,8.127205,1000.0,-43.802063,2,22,229.0,21.047560214996338,22000,0.0,0.010779857635498047,0.008944026,0.049767952,0.049767952
-42.048824,8.092316,1000.0,-42.048824,2,24,247.0,22.89317512512207,24000,0.0,0.0959576964378357,0.008769732,0.045955747,0.045955747
-33.82871,8.057714,1000.0,-33.82871,2,26,216.0,24.696479082107544,26000,0.0,0.1511155366897583,0.0088421395,0.04677857,0.04677857
-30.944363,8.022825,1000.0,-30.944363,2,28,208.0,26.470328092575073,28000,0.0,0.09514880180358887,0.009009084,0.05361665,0.05361665
-22.34621,7.987456,1000.0,-22.34621,2,30,181.0,28.270721197128296,30000,0.0,0.1723276972770691,0.0088881515,0.051656242,0.051656242
-18.304935,7.9525437,1000.0,-18.304935,2,32,189.0,30.06818199157715,32000,0.0,0.22617745399475098,0.008927037,0.056898527,0.056898527
-12.542,7.9158688,1000.0,-12.542,2,34,200.0,31.849974155426025,34000,0.0,0.4210212826728821,0.009063343,0.051292636,0.051292636
-8.990891,7.880981,1000.0,-8.990891,2,36,204.0,33.65187311172485,36000,0.0,0.36129701137542725,0.009200932,0.053429164,0.053429164
-6.937691,7.846168,1000.0,-6.937691,2,38,210.0,35.45139718055725,38000,0.0,0.41801393032073975,0.008958196,0.05285699,0.05285699
-2.4912868,7.81128,1000.0,-2.4912868,2,40,195.0,37.23914122581482,40000,0.0,0.6493678390979767,0.008813542,0.056924865,0.056924865
2.9089806,7.7762156,1000.0,2.9089806,3,43,222.0,39.125527143478394,43000,0.0,-0.34120500087738037,0.009165409,0.05374386,0.05374386
15.063855,7.7414575,1000.0,15.063855,2,45,193.0,40.91662621498108,45000,0.0,0.20240569114685059,0.009271315,0.055164613,0.055164613
21.559763,7.706551,1000.0,21.559763,2,47,149.0,42.725656032562256,47000,0.0,0.2728252410888672,0.0091727,0.056019552,0.056019552
27.19662,7.6716566,1000.0,27.19662,2,49,180.0,44.50767421722412,49000,0.0,0.020265936851501465,0.009146098,0.0550943,0.0550943
29.225668,7.636749,1000.0,29.225668,2,51,178.0,46.272889137268066,51000,0.0,-0.032384395599365234,0.009223023,0.061213013,0.061213013
41.183388,7.6018133,1000.0,41.183388,2,53,162.0,48.096519231796265,53000,0.0,0.3242027163505554,0.008899784,0.061596975,0.061596975
46.255104,7.5668964,1000.0,46.255104,2,55,178.0,49.898473024368286,55000,0.0,0.21590346097946167,0.009056628,0.059746765,0.059746765
51.470966,7.53198,1000.0,51.470966,2,57,173.0,51.71457099914551,57000,0.0,0.3534250259399414,0.008930942,0.06334926,0.06334926
57.69619,7.4970765,1000.0,57.69619,2,59,149.0,53.51395511627197,59000,0.0,-0.10376095771789551,0.008942421,0.05435353,0.05435353
65.50088,7.4621663,1000.0,65.50088,2,61,154.0,55.326170206069946,61000,0.0,0.15733444690704346,0.0088141505,0.061413422,0.061413422
70.51536,7.4271507,1000.0,70.51536,2,63,160.0,57.09832406044006,63000,0.0,0.26216375827789307,0.009101394,0.05901689,0.05901689
77.227234,7.392115,1000.0,77.227234,2,65,131.0,58.87890005111694,65000,0.0,0.09058308601379395,0.008824367,0.058120176,0.058120176
81.732285,7.3568444,1000.0,81.732285,2,67,149.0,60.69644331932068,67000,0.0,0.3457045555114746,0.008995278,0.06649318,0.06649318
87.83147,7.32199,1000.0,87.83147,2,69,91.0,62.488715171813965,69000,0.0,0.2741096019744873,0.008694135,0.06656985,0.06656985
92.53139,7.286996,1000.0,92.53139,2,71,104.0,64.2899022102356,71000,0.0,0.457489013671875,0.008909667,0.06515941,0.06515941
97.144615,7.2518053,1000.0,97.144615,2,73,115.0,66.0767879486084,73000,0.0,0.24397486448287964,0.008916668,0.06518591,0.06518591
103.78633,7.2167945,1000.0,103.78633,2,75,80.0,67.85176229476929,75000,0.0,0.57844278216362,0.009018374,0.06414905,0.06414905
114.51842,7.181887,1000.0,114.51842,2,77,100.0,69.66133713722229,77000,0.0,0.5445457696914673,0.009120854,0.06935069,0.06935069
125.3763,7.1469812,1000.0,125.3763,2,79,98.0,71.45832920074463,79000,0.0,0.20976412296295166,0.008897888,0.060717776,0.060717776
128.97957,7.1120925,1000.0,128.97957,2,81,105.0,73.27469801902771,81000,0.0,0.23040556907653809,0.008762712,0.06144277,0.06144277
139.77307,7.0770283,1000.0,139.77307,2,83,70.0,75.07755517959595,83000,0.0,0.469612181186676,0.008785938,0.0614371,0.0614371
154.26633,7.0416174,1000.0,154.26633,3,86,91.0,76.90398716926575,86000,0.0,0.37789881229400635,0.008989965,0.06349088,0.06349088
161.16916,7.006498,1000.0,161.16916,2,88,98.0,78.7417151927948,88000,0.0,0.43354517221450806,0.008786225,0.062518835,0.062518835
173.41553,6.971436,1000.0,173.41553,2,90,109.0,80.55026507377625,90000,0.0,0.5134764015674591,0.008936234,0.066706896,0.066706896
181.08862,6.936279,1000.0,181.08862,2,92,104.0,82.35694909095764,92000,0.0,0.615283727645874,0.008886542,0.060960863,0.060960863
189.13614,6.90134,1000.0,189.13614,2,94,116.0,84.13681936264038,94000,0.0,0.6858026683330536,0.008773826,0.06772148,0.06772148
198.66238,6.866306,1000.0,198.66238,2,96,117.0,85.92560911178589,96000,0.0,0.5505529940128326,0.009023905,0.06000323,0.06000323
205.24307,6.8311496,1000.0,205.24307,2,98,142.0,87.76899814605713,98000,0.0,0.5359825193881989,0.0090029,0.06838341,0.06838341
211.58199,6.7960196,1000.0,211.58199,2,100,121.0,89.60110211372375,100000,0.0,0.48243290185928345,0.008988683,0.07837188,0.07837188
221.12495,6.7611156,1000.0,221.12495,2,102,124.0,91.41813611984253,102000,0.0,0.4493338465690613,0.008829949,0.06602156,0.06602156
229.3875,6.726196,1000.0,229.3875,2,104,127.0,93.17050528526306,104000,0.0,0.5918699502944946,0.0089627765,0.069331035,0.069331035
237.40044,6.6909537,1000.0,237.40044,2,106,109.0,94.94423222541809,106000,0.0,0.3194567561149597,0.008912947,0.06949691,0.06949691
247.15308,6.656121,1000.0,247.15308,2,108,119.0,96.76056218147278,108000,0.0,0.5631496012210846,0.009079173,0.06888291,0.06888291
248.75766,6.621336,1000.0,248.75766,2,110,133.0,98.57353019714355,110000,0.0,0.5685605704784393,0.008904222,0.06910823,0.06910823
256.90375,6.5864334,1000.0,256.90375,2,112,133.0,100.36313509941101,112000,0.0,0.7505021095275879,0.008931272,0.069170624,0.069170624
261.71783,6.5511827,1000.0,261.71783,2,114,107.0,102.13927912712097,114000,0.0,0.5291364192962646,0.009019172,0.07805324,0.07805324
269.406,6.51697,1000.0,269.406,2,116,110.0,103.93361616134644,116000,0.0,0.6957312524318695,0.008785234,0.06798728,0.06798728
274.99225,6.4820204,1000.0,274.99225,2,118,122.0,105.72005295753479,118000,0.0,0.505062073469162,0.008995527,0.07559542,0.07559542
281.90765,6.4471145,1000.0,281.90765,2,120,104.0,107.50423908233643,120000,0.0,0.7308781445026398,0.008990174,0.0637313,0.0637313
290.69107,6.41214,1000.0,290.69107,2,122,100.0,109.2816812992096,122000,0.0,0.798764631152153,0.008921027,0.065781325,0.065781325
296.5999,6.3770747,1000.0,296.5999,2,124,87.0,111.11218309402466,124000,0.0,0.8085677623748779,0.009073581,0.062230125,0.062230125
303.57825,6.3420043,1000.0,303.57825,2,126,93.0,112.90596318244934,126000,0.0,0.8086840361356735,0.008888392,0.07064458,0.07064458
314.85336,6.3071213,1000.0,314.85336,3,129,98.0,114.71991395950317,129000,0.0,0.7944245785474777,0.008848776,0.071157664,0.071157664
323.52557,6.2724924,1000.0,323.52557,2,131,99.0,116.50446915626526,131000,0.0,0.8122861385345459,0.009133296,0.07672383,0.07672383
335.24393,6.2375875,1000.0,335.24393,2,133,111.0,118.30229711532593,133000,0.0,0.8363434970378876,0.008794248,0.06779121,0.06779121
343.24017,6.202544,1000.0,343.24017,2,135,91.0,120.10320734977722,135000,0.0,0.8341033160686493,0.008831633,0.06388012,0.06388012
354.57416,6.1675725,1000.0,354.57416,2,137,89.0,121.91693115234375,137000,0.0,0.7567750960588455,0.008923787,0.063987195,0.063987195
365.16132,6.13269,1000.0,365.16132,2,139,87.0,123.68666911125183,139000,0.0,0.6472242176532745,0.008944565,0.06498326,0.06498326
369.88144,6.0979395,1000.0,369.88144,2,141,118.0,125.47046709060669,141000,0.0,0.6503382325172424,0.009216257,0.06991942,0.06991942
379.51703,6.062948,1000.0,379.51703,2,143,105.0,127.26837921142578,143000,0.0,0.8153253346681595,0.008827258,0.07106454,0.07106454
389.64697,6.0279865,1000.0,389.64697,2,145,91.0,129.07694125175476,145000,0.0,0.8278272300958633,0.008947945,0.073687606,0.073687606
399.66745,5.9936213,1000.0,399.66745,2,147,94.0,130.84927320480347,147000,0.0,0.8204681724309921,0.008987049,0.07277464,0.07277464
409.80923,5.9587407,1000.0,409.80923,2,149,91.0,132.65465807914734,149000,0.0,0.8013224005699158,0.008874176,0.07075366,0.07075366
422.26202,5.9238253,1000.0,422.26202,2,151,104.0,134.4723241329193,151000,0.0,0.8280892372131348,0.00890056,0.07394802,0.07394802
434.99503,5.8888826,1000.0,434.99503,2,153,88.0,136.3168933391571,153000,0.0,0.7819386422634125,0.008884834,0.07148084,0.07148084
441.79483,5.853677,1000.0,441.79483,2,155,100.0,138.09137630462646,155000,0.0,0.7855678647756577,0.009011483,0.07338619,0.07338619
452.07935,5.8186026,1000.0,452.07935,2,157,105.0,139.8908462524414,157000,0.0,0.8140571266412735,0.008950736,0.071047656,0.071047656
464.46722,5.7837234,1000.0,464.46722,2,159,102.0,141.67142128944397,159000,0.0,0.8364222198724747,0.008718375,0.07104614,0.07104614
471.975,5.74866,1000.0,471.975,2,161,80.0,143.45444512367249,161000,0.0,0.8059887290000916,0.00883669,0.0699074,0.0699074
482.16583,5.7136335,1000.0,482.16583,2,163,94.0,145.25887417793274,163000,0.0,0.8786083459854126,0.008862067,0.06500697,0.06500697
491.5005,5.6784673,1000.0,491.5005,2,165,94.0,147.0093412399292,165000,0.0,0.8132695108652115,0.0089972,0.06765242,0.06765242
503.78574,5.6434655,1000.0,503.78574,2,167,83.0,148.79957818984985,167000,0.0,0.8474212735891342,0.008866181,0.07521168,0.07521168
513.8986,5.608398,1000.0,513.8986,2,169,93.0,150.59274005889893,169000,0.0,0.7983976602554321,0.0088934,0.06618708,0.06618708
527.7997,5.573375,1000.0,527.7997,3,172,89.0,152.4064199924469,172000,0.0,0.895653560757637,0.008841412,0.07881226,0.07881226
536.2905,5.538694,1000.0,536.2905,2,174,94.0,154.20355820655823,174000,0.0,0.8832239359617233,0.008722259,0.069461465,0.069461465
545.7653,5.503651,1000.0,545.7653,2,176,92.0,156.00852727890015,176000,0.0,0.8909207880496979,0.008726997,0.07045558,0.07045558
556.57336,5.4687524,1000.0,556.57336,2,178,79.0,157.8130853176117,178000,0.0,0.911306768655777,0.008952722,0.07261019,0.07261019
571.07446,5.4336386,1000.0,571.07446,2,180,119.0,159.6407561302185,180000,0.0,0.8719519525766373,0.008934115,0.07736578,0.07736578
585.3508,5.3989253,1000.0,585.3508,2,182,83.0,161.4123251438141,182000,0.0,0.8949942514300346,0.008820966,0.062285464,0.062285464
597.4749,5.3639364,1000.0,597.4749,2,184,61.0,163.19482016563416,184000,0.0,0.9352762699127197,0.008670727,0.06647967,0.06647967
610.70013,5.328943,1000.0,610.70013,2,186,76.0,164.9810721874237,186000,0.0,0.9303733706474304,0.00889395,0.064397246,0.064397246
620.44464,5.2939086,1000.0,620.44464,2,188,85.0,166.77463817596436,188000,0.0,0.879423014819622,0.008936062,0.061864365,0.061864365
634.33057,5.2590322,1000.0,634.33057,2,190,68.0,168.54845714569092,190000,0.0,0.9253755807876587,0.008851644,0.06612419,0.06612419
645.6391,5.223868,1000.0,645.6391,2,192,105.0,170.337904214859,192000,0.0,0.9453798122704029,0.008965022,0.069021024,0.069021024
662.71466,5.1886826,1000.0,662.71466,2,194,85.0,172.13465809822083,194000,0.0,0.934330403804779,0.008849569,0.06739889,0.06739889
676.07733,5.153528,1000.0,676.07733,2,196,79.0,173.95412302017212,196000,0.0,0.9560258463025093,0.009131153,0.07485217,0.07485217
689.76575,5.11865,1000.0,689.76575,2,198,93.0,175.76125621795654,198000,0.0,0.9502949267625809,0.008840533,0.0622152,0.0622152
705.0438,5.083657,1000.0,705.0438,2,200,83.0,177.59766721725464,200000,0.0,0.920750230550766,0.008911524,0.06408629,0.06408629
716.9322,5.0487185,1000.0,716.9322,2,202,91.0,179.54394435882568,202000,0.0,0.8260734379291534,0.008891282,0.060388427,0.060388427
726.1681,5.0137205,1000.0,726.1681,2,204,118.0,181.3436050415039,204000,0.0,0.8160089999437332,0.008883172,0.06870784,0.06870784
737.35236,4.9789286,1000.0,737.35236,2,206,103.0,183.12055230140686,206000,0.0,0.8168240934610367,0.008756436,0.07182533,0.07182533
744.49243,4.9438076,1000.0,744.49243,2,208,70.0,184.91925930976868,208000,0.0,0.8459140211343765,0.008983799,0.06801188,0.06801188
759.9499,4.9090543,1000.0,759.9499,2,210,87.0,186.69011521339417,210000,0.0,0.9145895540714264,0.008896697,0.06877042,0.06877042
772.91614,4.8740735,1000.0,772.91614,2,212,96.0,188.5360770225525,212000,0.0,0.9366717487573624,0.009052569,0.065526426,0.065526426
792.97797,4.839612,1000.0,792.97797,3,215,95.0,190.38574314117432,215000,0.0,0.9043171480298042,0.008917656,0.06153605,0.06153605
803.5508,4.8045645,1000.0,803.5508,2,217,124.0,192.22026920318604,217000,0.0,0.8610826730728149,0.008910816,0.06307924,0.06307924
811.0054,4.769532,1000.0,811.0054,2,219,117.0,194.06708216667175,219000,0.0,0.8339163362979889,0.008904935,0.06410383,0.06410383
820.1124,4.7347445,1000.0,820.1124,2,221,145.0,195.86969113349915,221000,0.0,0.8852182477712631,0.00898277,0.07134799,0.07134799
831.0654,4.699756,1000.0,831.0654,2,223,120.0,197.70765113830566,223000,0.0,0.8836715593934059,0.008947812,0.073647425,0.073647425
842.7375,4.6648464,1000.0,842.7375,2,225,98.0,199.50379419326782,225000,0.0,0.9389660097658634,0.008683587,0.06459053,0.06459053
849.7633,4.6298013,1000.0,849.7633,2,227,102.0,201.33030128479004,227000,0.0,0.8605455458164215,0.008924834,0.06596579,0.06596579
858.94806,4.5947695,1000.0,858.94806,2,229,156.0,203.14225935935974,229000,0.0,0.8673542439937592,0.008946243,0.06836977,0.06836977
867.51514,4.5597057,1000.0,867.51514,2,231,128.0,204.95756816864014,231000,0.0,0.9237621277570724,0.008703329,0.06778142,0.06778142
874.4248,4.5246587,1000.0,874.4248,2,233,139.0,206.76819515228271,233000,0.0,0.917898029088974,0.00884985,0.061305914,0.061305914
881.8088,4.4897356,1000.0,881.8088,2,235,166.0,208.54441905021667,235000,0.0,0.8778559491038322,0.008841978,0.06412943,0.06412943
888.9098,4.454793,1000.0,888.9098,2,237,110.0,210.35917115211487,237000,0.0,0.8475702852010727,0.008946676,0.07310197,0.07310197
898.4873,4.4196744,1000.0,898.4873,2,239,112.0,212.16062211990356,239000,0.0,0.8838853165507317,0.008858506,0.06471299,0.06471299
906.1629,4.3844795,1000.0,906.1629,2,241,104.0,213.96222019195557,241000,0.0,0.864342674612999,0.008834181,0.059183452,0.059183452
920.8211,4.349474,1000.0,920.8211,2,243,122.0,215.7582142353058,243000,0.0,0.9028949663043022,0.008888455,0.06774643,0.06774643
932.192,4.3144536,1000.0,932.192,2,245,113.0,217.54876327514648,245000,0.0,0.9156206399202347,0.008726183,0.06180153,0.06180153
944.275,4.2797413,1000.0,944.275,2,247,132.0,219.36546730995178,247000,0.0,0.9018629193305969,0.009040438,0.06755082,0.06755082
955.7884,4.2447944,1000.0,955.7884,2,249,116.0,221.14007019996643,249000,0.0,0.8899361416697502,0.008773568,0.05811964,0.05811964
961.13495,4.2101293,1000.0,961.13495,2,251,133.0,222.93541717529297,251000,0.0,0.8701984137296677,0.009060524,0.06302167,0.06302167
971.8919,4.1752353,1000.0,971.8919,2,253,123.0,224.71362709999084,253000,0.0,0.9391983300447464,0.008915681,0.0671477,0.0671477
984.0335,4.1403174,1000.0,984.0335,3,256,135.0,226.52290320396423,256000,0.0,0.9180639684200287,0.009052437,0.06669766,0.06669766
998.53546,4.1053605,1000.0,998.53546,2,258,130.0,228.31239128112793,258000,0.0,0.93753956630826,0.009115948,0.06449506,0.06449506
1007.8592,4.070313,1000.0,1007.8592,2,260,119.0,230.11544227600098,260000,0.0,0.9502307921648026,0.008860536,0.060366686,0.060366686
1020.7463,4.0352936,1000.0,1020.7463,2,262,127.0,231.91634607315063,262000,0.0,0.9450428932905197,0.008837379,0.0644743,0.0644743
1028.7656,4.0004125,1000.0,1028.7656,2,264,117.0,233.71549797058105,264000,0.0,0.9373416528105736,0.008803467,0.06636168,0.06636168
1039.2025,3.965516,1000.0,1039.2025,2,266,119.0,235.48951721191406,266000,0.0,0.9389763996005058,0.009035745,0.060201693,0.060201693
1047.085,3.930416,1000.0,1047.085,2,268,145.0,237.28000926971436,268000,0.0,0.9008116200566292,0.008746123,0.057930768,0.057930768
1060.5305,3.8953366,1000.0,1060.5305,2,270,133.0,239.07128810882568,270000,0.0,0.9555871821939945,0.008827154,0.062349055,0.062349055
1074.7161,3.8602304,1000.0,1074.7161,2,272,108.0,240.89091610908508,272000,0.0,0.9434732012450695,0.008777942,0.063165694,0.063165694
1087.0938,3.8251214,1000.0,1087.0938,2,274,104.0,242.6798222064972,274000,0.0,0.9288134798407555,0.008678714,0.05661472,0.05661472
1100.1729,3.790035,1000.0,1100.1729,2,276,118.0,244.47828912734985,276000,0.0,0.9579249806702137,0.008860776,0.057814606,0.057814606
1106.2037,3.754931,1000.0,1106.2037,2,278,118.0,246.29123616218567,278000,0.0,0.9589217156171799,0.008847183,0.05732368,0.05732368
1115.5934,3.7199833,1000.0,1115.5934,2,280,126.0,248.09903216362,280000,0.0,0.9221062213182449,0.008988475,0.05815483,0.05815483
1123.651,3.6851034,1000.0,1123.651,2,282,127.0,249.90143823623657,282000,0.0,0.9293469861149788,0.0089119915,0.064849325,0.064849325
1132.6299,3.6500287,1000.0,1132.6299,2,284,102.0,251.70798206329346,284000,0.0,0.9509522877633572,0.009179156,0.06330453,0.06330453
1142.2239,3.614989,1000.0,1142.2239,2,286,142.0,253.4887022972107,286000,0.0,0.9340637549757957,0.009015774,0.064050764,0.064050764
1150.5361,3.5800169,1000.0,1150.5361,2,288,131.0,255.2825222015381,288000,0.0,0.9148934483528137,0.008816106,0.06100277,0.06100277
1158.2604,3.5449865,1000.0,1158.2604,2,290,125.0,257.07259798049927,290000,0.0,0.9467237330973148,0.008956649,0.061287574,0.061287574
1169.7194,3.5098133,1000.0,1169.7194,2,292,113.0,258.8885021209717,292000,0.0,0.9707375001162291,0.008985435,0.05388833,0.05388833
1176.8425,3.4750812,1000.0,1176.8425,2,294,143.0,260.686683177948,294000,0.0,0.9516933858394623,0.008703701,0.060595315,0.060595315
1185.8317,3.439946,1000.0,1185.8317,2,296,124.0,262.49891924858093,296000,0.0,0.9681505225598812,0.008790371,0.05877793,0.05877793
1194.9619,3.4050257,1000.0,1194.9619,3,299,143.0,264.3353080749512,299000,0.0,0.8943101838231087,0.008935383,0.056936115,0.056936115
1198.2239,3.3699377,1000.0,1198.2239,2,301,170.0,266.1355502605438,301000,0.0,0.9230491742491722,0.008927019,0.055760056,0.055760056
1210.1664,3.3350391,1000.0,1210.1664,2,303,132.0,267.93245816230774,303000,0.0,0.9452710635960102,0.009019157,0.06489542,0.06489542
1214.8373,3.3000052,1000.0,1214.8373,2,305,124.0,269.7247202396393,305000,0.0,0.9086150974035263,0.008987754,0.057911493,0.057911493
1220.581,3.2650766,1000.0,1220.581,2,307,168.0,271.53678727149963,307000,0.0,0.9167294725775719,0.008956581,0.06479168,0.06479168
1223.527,3.230164,1000.0,1223.527,2,309,183.0,273.3408682346344,309000,0.0,0.8597109913825989,0.0089091705,0.058068372,0.058068372
1223.9283,3.195267,1000.0,1223.9283,2,311,231.0,275.1623332500458,311000,0.0,0.9421964325010777,0.009077743,0.07789489,0.07789489
1226.4519,3.160382,1000.0,1226.4519,2,313,234.0,276.9177851676941,313000,0.0,0.9448836706578732,0.008995572,0.060181037,0.060181037
1231.1526,3.1254115,1000.0,1231.1526,2,315,194.0,278.78204321861267,315000,0.0,0.9682390801608562,0.009031411,0.061857782,0.061857782
1234.6758,3.0903358,1000.0,1234.6758,2,317,215.0,280.694952249527,317000,0.0,0.9568777717649937,0.008917312,0.055378936,0.055378936
1240.2473,3.0553548,1000.0,1240.2473,2,319,182.0,282.5219421386719,319000,0.0,0.9705922976136208,0.00903088,0.06064073,0.06064073
1247.5886,3.020462,1000.0,1247.5886,2,321,166.0,284.37141513824463,321000,0.0,0.9687562175095081,0.008888502,0.076729886,0.076729886
1251.3699,2.985535,1000.0,1251.3699,2,323,179.0,286.2906641960144,323000,0.0,0.9784631934016943,0.00888074,0.060666174,0.060666174
1255.5356,2.9506032,1000.0,1255.5356,2,325,149.0,288.1704840660095,325000,0.0,0.9665895439684391,0.008929677,0.06157452,0.06157452
1258.6881,2.9156442,1000.0,1258.6881,2,327,135.0,290.02065920829773,327000,0.0,0.8286001682281494,0.0089069875,0.05950243,0.05950243
1262.5894,2.8806932,1000.0,1262.5894,2,329,127.0,291.8150510787964,329000,0.0,0.9337424039840698,0.00864906,0.12898192,0.12898192
1266.1204,2.8459673,1000.0,1266.1204,2,331,179.0,293.68751215934753,331000,0.0,0.944337222725153,0.008898087,0.06105032,0.06105032
1268.0729,2.8111584,1000.0,1268.0729,2,333,134.0,295.52959513664246,333000,0.0,0.9237857833504677,0.009041157,0.059246816,0.059246816
1269.6448,2.7761853,1000.0,1269.6448,2,335,138.0,297.35230326652527,335000,0.0,0.9515203535556793,0.008933883,0.057631146,0.057631146
1273.3861,2.7412899,1000.0,1273.3861,2,337,166.0,299.1437702178955,337000,0.0,0.9246679022908211,0.008930558,0.063125566,0.063125566
1280.8112,2.7066095,1000.0,1280.8112,2,339,151.0,300.92522501945496,339000,0.0,0.9569427035748959,0.009049337,0.06069397,0.06069397
1287.3425,2.6716735,1000.0,1287.3425,3,342,178.0,302.75919008255005,342000,0.0,0.94955775141716,0.00887333,0.059704658,0.059704658
1293.2982,2.6369631,1000.0,1293.2982,2,344,151.0,304.54596400260925,344000,0.0,0.9540841951966286,0.008902226,0.056436297,0.056436297
1295.4167,2.6022954,1000.0,1295.4167,2,346,165.0,306.38346910476685,346000,0.0,0.9279945120215416,0.008723098,0.054362196,0.054362196
1302.084,2.5672414,1000.0,1302.084,2,348,176.0,308.1844072341919,348000,0.0,0.9599417075514793,0.008830935,0.05537042,0.05537042
1310.4885,2.5323489,1000.0,1310.4885,2,350,178.0,309.98408126831055,350000,0.0,0.9729114789515734,0.009001718,0.05999325,0.05999325
1317.0459,2.497456,1000.0,1317.0459,2,352,174.0,311.7806673049927,352000,0.0,0.9773716554045677,0.008905828,0.05601057,0.05601057
1320.4014,2.462811,1000.0,1320.4014,2,354,207.0,313.6036353111267,354000,0.0,0.950350534170866,0.008839332,0.05753549,0.05753549
1324.2972,2.4281602,1000.0,1324.2972,2,356,197.0,315.41543412208557,356000,0.0,0.9462637417018414,0.008940938,0.059148733,0.059148733
1329.5201,2.39323,1000.0,1329.5201,2,358,162.0,317.2073051929474,358000,0.0,0.9245825558900833,0.00888872,0.059784677,0.059784677
1334.2504,2.3583379,1000.0,1334.2504,2,360,191.0,319.04423928260803,360000,0.0,0.959161214530468,0.008970018,0.055157814,0.055157814
1337.1481,2.3233638,1000.0,1337.1481,2,362,210.0,320.8492851257324,362000,0.0,0.9552579782903194,0.008781848,0.06396003,0.06396003
1340.486,2.28861,1000.0,1340.486,2,364,181.0,322.68608832359314,364000,0.0,0.9740013629198074,0.008879092,0.056406207,0.056406207
1343.2097,2.2536826,1000.0,1343.2097,2,366,203.0,324.63049125671387,366000,0.0,0.9732781276106834,0.008787043,0.05756461,0.05756461
1350.554,2.219481,1000.0,1350.554,2,368,173.0,326.455313205719,368000,0.0,0.9707259144634008,0.008901043,0.05963043,0.05963043
1356.5759,2.1845021,1000.0,1356.5759,2,370,158.0,328.23325419425964,370000,0.0,0.9637183137238026,0.00887079,0.058016688,0.058016688
1363.679,2.1495702,1000.0,1363.679,2,372,147.0,330.0371730327606,372000,0.0,0.9630432538688183,0.009008252,0.053155188,0.053155188
1366.4385,2.1146512,1000.0,1366.4385,2,374,191.0,331.8439691066742,374000,0.0,0.8942277282476425,0.008958777,0.05234859,0.05234859
1368.7562,2.0798562,1000.0,1368.7562,2,376,181.0,333.6696572303772,376000,0.0,0.9397839941084385,0.0088543715,0.056769013,0.056769013
1375.3943,2.0448925,1000.0,1375.3943,2,378,183.0,335.4606080055237,378000,0.0,0.9654770791530609,0.008766221,0.06305754,0.06305754
1379.864,2.0099504,1000.0,1379.864,2,380,166.0,337.2592861652374,380000,0.0,0.975448876619339,0.008985545,0.05846522,0.05846522
1383.0354,1.9749694,1000.0,1383.0354,2,382,206.0,339.0599002838135,382000,0.0,0.9592183232307434,0.008906724,0.058226638,0.058226638
1387.1357,1.9400712,1000.0,1387.1357,3,385,165.0,340.8647611141205,385000,0.0,0.9530374482274055,0.008862897,0.053152487,0.053152487
1390.2577,1.9051509,1000.0,1390.2577,2,387,180.0,342.67659425735474,387000,0.0,0.9727885499596596,0.008846097,0.061169237,0.061169237
1392.3406,1.8701798,1000.0,1392.3406,2,389,193.0,344.47095131874084,389000,0.0,0.9468649588525295,0.008864196,0.06256756,0.06256756
1393.652,1.8352678,1000.0,1393.652,2,391,241.0,346.2780842781067,391000,0.0,0.8774668723344803,0.008775096,0.05045159,0.05045159
1390.7,1.8003523,1000.0,1390.7,2,393,234.0,348.0777521133423,393000,0.0,0.8091392070055008,0.00914423,0.04985807,0.04985807
1397.5117,1.7653743,1000.0,1397.5117,2,395,233.0,349.84495735168457,395000,0.0,0.9593706950545311,0.00891868,0.055370197,0.055370197
1399.6483,1.730713,1000.0,1399.6483,2,397,185.0,351.7121741771698,397000,0.0,0.9753858931362629,0.008960705,0.05713191,0.05713191
1401.1406,1.6957986,1000.0,1401.1406,2,399,209.0,353.4874792098999,399000,0.0,0.8698427081108093,0.008801671,0.057728395,0.057728395
1404.3181,1.661102,1000.0,1404.3181,2,401,191.0,355.2849202156067,401000,0.0,0.9161344990134239,0.008804595,0.056582384,0.056582384
1410.431,1.6263808,1000.0,1410.431,2,403,152.0,357.100949048996,403000,0.0,0.9572924263775349,0.008840553,0.057878975,0.057878975
1413.1332,1.5914911,1000.0,1413.1332,2,405,171.0,358.950323343277,405000,0.0,0.9586797468364239,0.008939651,0.05085825,0.05085825
1415.74,1.5567627,1000.0,1415.74,2,407,165.0,360.73534631729126,407000,0.0,0.9421189092099667,0.008968854,0.059112962,0.059112962
1417.8269,1.521843,1000.0,1417.8269,2,409,152.0,362.568204164505,409000,0.0,0.9336036890745163,0.008873156,0.071831614,0.071831614
1422.589,1.4869361,1000.0,1422.589,2,411,143.0,364.3650963306427,411000,0.0,0.9723622351884842,0.009013566,0.06311561,0.06311561
1424.8676,1.4519656,1000.0,1424.8676,2,413,174.0,366.15354228019714,413000,0.0,0.9538764841854572,0.0090261465,0.060397483,0.060397483
1431.024,1.4169618,1000.0,1431.024,2,415,143.0,367.9601411819458,415000,0.0,0.956482857465744,0.009000378,0.054066747,0.054066747
1432.2197,1.3820386,1000.0,1432.2197,2,417,189.0,369.7593650817871,417000,0.0,0.9346068874001503,0.008921905,0.05461292,0.05461292
1435.2395,1.3472898,1000.0,1435.2395,2,419,198.0,371.54075026512146,419000,0.0,0.9636925645172596,0.008810053,0.06506732,0.06506732
1436.4534,1.3125892,1000.0,1436.4534,2,421,192.0,373.34570121765137,421000,0.0,0.9639516845345497,0.008882142,0.056532077,0.056532077
1441.5778,1.2775974,1000.0,1441.5778,2,423,209.0,375.1356830596924,423000,0.0,0.9747928660362959,0.008830468,0.054061215,0.054061215
1446.1699,1.2426755,1000.0,1446.1699,2,425,187.0,376.9424612522125,425000,0.0,0.9698919653892517,0.00894699,0.065469086,0.065469086
1455.459,1.2076724,1000.0,1455.459,3,428,162.0,378.76224994659424,428000,0.0,0.9713665805757046,0.0089420155,0.054558225,0.054558225
1461.4346,1.1727173,1000.0,1461.4346,2,430,174.0,380.5507972240448,430000,0.0,0.9688672218471766,0.0091627445,0.052916095,0.052916095
1471.6775,1.1377456,1000.0,1471.6775,2,432,205.0,382.36654019355774,432000,0.0,0.9606925956904888,0.008803959,0.052388377,0.052388377
1473.4353,1.1027657,1000.0,1473.4353,2,434,211.0,384.1517460346222,434000,0.0,0.9585387818515301,0.00885265,0.053578027,0.053578027
1477.6338,1.0677803,1000.0,1477.6338,2,436,204.0,385.925940990448,436000,0.0,0.9466536603868008,0.009008957,0.06277241,0.06277241
1476.9752,1.0328183,1000.0,1476.9752,2,438,277.0,387.70986437797546,438000,0.0,0.9017664268612862,0.009055663,0.057133142,0.057133142
1483.571,0.99783707,1000.0,1483.571,2,440,291.0,389.50194096565247,440000,0.0,0.9676100537180901,0.00901857,0.05662228,0.05662228
1486.0697,0.9628411,1000.0,1486.0697,2,442,243.0,391.30176520347595,442000,0.0,0.9610339887440205,0.009006349,0.053861406,0.053861406
1489.0381,0.9279142,1000.0,1489.0381,2,444,208.0,393.078644990921,444000,0.0,0.9707419313490391,0.008834916,0.052882828,0.052882828
1494.7869,0.89329535,1000.0,1494.7869,2,446,174.0,394.84896326065063,446000,0.0,0.9700324777513742,0.008942696,0.057381485,0.057381485
1500.0372,0.8587305,1000.0,1500.0372,2,448,205.0,396.6509733200073,448000,0.0,0.9540044143795967,0.009377465,0.05253676,0.05253676
1498.0125,0.8237468,1000.0,1498.0125,2,450,193.0,398.4732360839844,450000,0.0,0.9084898382425308,0.0088114105,0.053064305,0.053064305
1500.0896,0.7891236,1000.0,1500.0896,2,452,175.0,400.2895452976227,452000,0.0,0.944227397441864,0.008895609,0.061137326,0.061137326
1504.8041,0.75436884,1000.0,1504.8041,2,454,211.0,402.09479808807373,454000,0.0,0.9505546353757381,0.008909514,0.057280943,0.057280943
1508.697,0.7194814,1000.0,1508.697,2,456,218.0,403.86130714416504,456000,0.0,0.9568607695400715,0.008876052,0.046833023,0.046833023
1512.5027,0.68455637,1000.0,1512.5027,2,458,221.0,405.53970217704773,458000,0.0,0.9654613547027111,0.00888481,0.056038607,0.056038607
1516.0004,0.64962906,1000.0,1516.0004,2,460,190.0,407.2374200820923,460000,0.0,0.9698295947164297,0.008822625,0.056180693,0.056180693
1518.017,0.61468464,1000.0,1518.017,2,462,228.0,408.934623003006,462000,0.0,0.9360922649502754,0.008953795,0.05201348,0.05201348
1517.7213,0.579759,1000.0,1517.7213,2,464,234.0,410.65298414230347,464000,0.0,0.9638498313724995,0.008889978,0.053404182,0.053404182
1517.36,0.5447997,1000.0,1517.36,2,466,240.0,412.32985496520996,466000,0.0,0.9760683458298445,0.008776007,0.05406374,0.05406374
1517.1704,0.5098405,1000.0,1517.1704,2,468,255.0,414.0338890552521,468000,0.0,0.9791669584810734,0.0089401435,0.05741553,0.05741553
1521.7751,0.4750534,1000.0,1521.7751,3,471,222.0,415.73843026161194,471000,0.0,0.968855332583189,0.008837891,0.05547528,0.05547528
1522.055,0.44009346,1000.0,1522.055,2,473,248.0,417.43884325027466,473000,0.0,0.931882731616497,0.008916464,0.052053705,0.052053705
1526.073,0.4051204,1000.0,1526.073,2,475,209.0,419.12034821510315,475000,0.0,0.9634854421019554,0.009017236,0.062272497,0.062272497
1536.2057,0.37016502,1000.0,1536.2057,2,477,188.0,420.78943729400635,477000,0.0,0.9550827704370022,0.009065177,0.059436284,0.059436284
1538.0134,0.3353807,1000.0,1538.0134,2,479,180.0,422.5146851539612,479000,0.0,0.9049298986792564,0.008874698,0.05049722,0.05049722
1541.3627,0.30041057,1000.0,1541.3627,2,481,173.0,424.2048120498657,481000,0.0,0.9621050581336021,0.008994719,0.05473201,0.05473201
1544.9589,0.2658157,1000.0,1544.9589,2,483,164.0,425.9111521244049,483000,0.0,0.9760671742260456,0.009016238,0.057673544,0.057673544
1547.6124,0.23106281,1000.0,1547.6124,2,485,183.0,427.6255030632019,485000,0.0,0.9580992124974728,0.008949587,0.049266264,0.049266264
1548.5767,0.1961133,1000.0,1548.5767,2,487,182.0,429.32082319259644,487000,0.0,0.9585136212408543,0.00901977,0.0544806,0.0544806
1554.2495,0.1611598,1000.0,1554.2495,2,489,174.0,430.99178314208984,489000,0.0,0.9712418094277382,0.00880936,0.059393585,0.059393585
1554.7278,0.12620018,1000.0,1554.7278,2,491,197.0,432.6580431461334,491000,0.0,0.9578298851847649,0.008936467,0.05739405,0.05739405
1554.3695,0.09117447,1000.0,1554.3695,2,493,212.0,434.33505630493164,493000,0.0,0.9749450273811817,0.0089902645,0.0533697,0.0533697
1560.8778,0.056241922,1000.0,1560.8778,2,495,193.0,436.0415780544281,495000,0.0,0.9710710737854242,0.008867242,0.051998712,0.051998712
1564.9408,0.021267936,1000.0,1564.9408,2,497,162.0,437.71377825737,497000,0.0,0.981165673583746,0.008939785,0.049043782,0.049043782
1567.3668,-0.01369231,1000.0,1567.3668,2,499,193.0,439.3948359489441,499000,0.0,0.9722251370549202,0.008924631,0.051033176,0.051033176
1568.5426,-0.048321646,1000.0,1568.5426,2,501,218.0,441.0965082645416,501000,0.0,0.9632084518671036,0.008955971,0.05727122,0.05727122
1572.7224,-0.08291435,1000.0,1572.7224,2,503,208.0,442.7664442062378,503000,0.0,0.9638656303286552,0.00894966,0.052698955,0.052698955
1579.6986,-0.11753858,1000.0,1579.6986,2,505,138.0,444.48311614990234,505000,0.0,0.9805644731968641,0.008840209,0.057235934,0.057235934
1583.2302,-0.1521149,1000.0,1583.2302,2,507,198.0,446.19698095321655,507000,0.0,0.9701893795281649,0.008949278,0.055778086,0.055778086
1584.3342,-0.18709555,1000.0,1584.3342,2,509,232.0,447.91036224365234,509000,0.0,0.9610915333032608,0.008774463,0.052038006,0.052038006
1584.9927,-0.22207259,1000.0,1584.9927,3,512,260.0,449.6261661052704,512000,0.0,0.9626892954111099,0.008794148,0.05176092,0.05176092
1585.6617,-0.25701556,1000.0,1585.6617,2,514,304.0,451.3283293247223,514000,0.0,0.9721654541790485,0.008946473,0.053631596,0.053631596
1589.5662,-0.2916633,1000.0,1589.5662,2,516,277.0,453.00839400291443,516000,0.0,0.9671432599425316,0.008940335,0.055668723,0.055668723
1592.9629,-0.3263239,1000.0,1592.9629,2,518,229.0,454.7271842956543,518000,0.0,0.9729357231408358,0.008876769,0.053432107,0.053432107
1593.3668,-0.36128947,1000.0,1593.3668,2,520,241.0,456.3953700065613,520000,0.0,0.9767810367047787,0.009020492,0.05309064,0.05309064
1594.764,-0.39587408,1000.0,1594.764,2,522,253.0,458.06973218917847,522000,0.0,0.9496610946953297,0.008980859,0.05143942,0.05143942
1595.5782,-0.43084133,1000.0,1595.5782,2,524,211.0,459.75742411613464,524000,0.0,0.9624579548835754,0.009052313,0.051344663,0.051344663
1599.2839,-0.46582788,1000.0,1599.2839,2,526,227.0,461.44142413139343,526000,0.0,0.9654169753193855,0.009041373,0.059767723,0.059767723
1600.8708,-0.50043523,1000.0,1600.8708,2,528,199.0,463.13327407836914,528000,0.0,0.9712447207421064,0.008926466,0.052800484,0.052800484
1606.706,-0.53505516,1000.0,1606.706,2,530,207.0,464.8143780231476,530000,0.0,0.9822301249951124,0.0089343935,0.055063456,0.055063456
1609.8102,-0.56997687,1000.0,1609.8102,2,532,161.0,466.49330830574036,532000,0.0,0.9604556560516357,0.008858924,0.057975773,0.057975773
1612.2692,-0.6049499,1000.0,1612.2692,2,534,173.0,468.1757152080536,534000,0.0,0.9787739515304565,0.0089653805,0.053001743,0.053001743
1612.0476,-0.63987726,1000.0,1612.0476,2,536,167.0,469.88253903388977,536000,0.0,0.9615232162177563,0.008998656,0.050225656,0.050225656
1612.2745,-0.6748353,1000.0,1612.2745,2,538,183.0,471.5650141239166,538000,0.0,0.9734344780445099,0.008915143,0.06974435,0.06974435
1615.416,-0.70979416,1000.0,1615.416,2,540,212.0,473.2397623062134,540000,0.0,0.9813207164406776,0.00893392,0.057416365,0.057416365
1621.0238,-0.7447522,1000.0,1621.0238,2,542,186.0,474.91225719451904,542000,0.0,0.9853915087878704,0.008885011,0.055377565,0.055377565
1623.7749,-0.779332,1000.0,1623.7749,2,544,174.0,476.5866460800171,544000,0.0,0.9863688368350267,0.009065469,0.05397793,0.05397793
1626.0267,-0.81396043,1000.0,1626.0267,2,546,154.0,478.417197227478,546000,0.0,0.9845710089430213,0.008733702,0.053767752,0.053767752
1630.9893,-0.848888,1000.0,1630.9893,2,548,171.0,480.1544749736786,548000,0.0,0.9870191039517522,0.009025641,0.048498124,0.048498124
1636.7747,-0.8838542,1000.0,1636.7747,2,550,192.0,481.83405804634094,550000,0.0,0.9763312637805939,0.008908028,0.058821112,0.058821112
1640.7164,-0.918823,1000.0,1640.7164,2,552,195.0,483.53603506088257,552000,0.0,0.9294968992471695,0.008922294,0.04638941,0.04638941
1645.0511,-0.9537384,1000.0,1645.0511,3,555,205.0,485.2310721874237,555000,0.0,0.9733740910887718,0.008864068,0.050220467,0.050220467
1647.3145,-0.98871213,1000.0,1647.3145,2,557,218.0,486.891478061676,557000,0.0,0.9786898791790009,0.009048988,0.05194483,0.05194483
1650.2305,-1.0236355,1000.0,1650.2305,2,559,242.0,488.58639907836914,559000,0.0,0.972211942076683,0.008959404,0.05281175,0.05281175
1653.6589,-1.0581667,1000.0,1653.6589,2,561,215.0,490.2630031108856,561000,0.0,0.9836456645280123,0.00895907,0.058845785,0.058845785
1654.7988,-1.0928984,1000.0,1654.7988,2,563,250.0,491.9680960178375,563000,0.0,0.983498839661479,0.008881882,0.05089093,0.05089093
1655.7301,-1.1278578,1000.0,1655.7301,2,565,245.0,493.6534810066223,565000,0.0,0.9775198623538017,0.008938434,0.055066787,0.055066787
1657.7465,-1.1624327,1000.0,1657.7465,2,567,232.0,495.41978907585144,567000,0.0,0.9748350903391838,0.009031713,0.05649241,0.05649241
1657.807,-1.1970184,1000.0,1657.807,2,569,240.0,497.13288497924805,569000,0.0,0.9827335830777884,0.008898346,0.053183265,0.053183265
1664.3604,-1.2316169,1000.0,1664.3604,2,571,206.0,498.8721811771393,571000,0.0,0.9595132581889629,0.0091231745,0.055713356,0.055713356
1664.9932,-1.2665215,1000.0,1664.9932,2,573,220.0,500.5510902404785,573000,0.0,0.970794914290309,0.008922084,0.051721618,0.051721618
1670.7351,-1.3014503,1000.0,1670.7351,2,575,183.0,502.2441611289978,575000,0.0,0.9756512083113194,0.008860469,0.05692091,0.05692091
1671.7582,-1.3360296,1000.0,1671.7582,2,577,215.0,503.9551091194153,577000,0.0,0.9674217514693737,0.008974049,0.048970275,0.048970275
1673.1453,-1.3706666,1000.0,1673.1453,2,579,237.0,505.67183327674866,579000,0.0,0.9544559977948666,0.008907054,0.04722107,0.04722107
1674.7683,-1.4052742,1000.0,1674.7683,2,581,276.0,507.345272064209,581000,0.0,0.9834146779030561,0.008903256,0.051627815,0.051627815
1675.5012,-1.4401649,1000.0,1675.5012,2,583,219.0,509.0373623371124,583000,0.0,0.983778677880764,0.008942423,0.053828444,0.053828444
1676.0153,-1.4749349,1000.0,1676.0153,2,585,245.0,510.70919609069824,585000,0.0,0.9692454971373081,0.008815397,0.052102827,0.052102827
1678.0476,-1.5094703,1000.0,1678.0476,2,587,241.0,512.3855521678925,587000,0.0,0.9809579346328974,0.00893287,0.054493584,0.054493584
1678.718,-1.5443939,1000.0,1678.718,2,589,267.0,514.0516531467438,589000,0.0,0.9819530844688416,0.008967757,0.052981928,0.052981928
1680.8414,-1.5794072,1000.0,1680.8414,2,591,244.0,515.7269160747528,591000,0.0,0.947002436965704,0.0088361865,0.046368502,0.046368502
1681.6707,-1.6140138,1000.0,1681.6707,2,593,249.0,517.4161243438721,593000,0.0,0.9653023481369019,0.008926244,0.046991974,0.046991974
1684.6545,-1.6489874,1000.0,1684.6545,2,595,193.0,519.1107771396637,595000,0.0,0.9817075449973345,0.008884547,0.05116634,0.05116634
1688.0928,-1.6836244,1000.0,1688.0928,3,598,231.0,520.7910902500153,598000,0.0,0.9654506966471672,0.008809369,0.05315266,0.05315266
1690.6234,-1.718224,1000.0,1690.6234,2,600,222.0,522.5144062042236,600000,0.0,0.9616881757974625,0.009034531,0.056869373,0.056869373
1691.1547,-1.7531956,1000.0,1691.1547,2,602,275.0,524.2312462329865,602000,0.0,0.9723169393837452,0.008875025,0.049247198,0.049247198
1691.2357,-1.7881491,1000.0,1691.2357,2,604,281.0,525.8981051445007,604000,0.0,0.9758471865206957,0.009076585,0.052376978,0.052376978
1694.8572,-1.8227228,1000.0,1694.8572,2,606,261.0,527.5813970565796,606000,0.0,0.9676585495471954,0.00907886,0.055362526,0.055362526
1697.9808,-1.8572712,1000.0,1697.9808,2,608,256.0,529.2791061401367,608000,0.0,0.9657199047505856,0.008878509,0.053924695,0.053924695
1700.1042,-1.8922195,1000.0,1700.1042,2,610,225.0,530.9747641086578,610000,0.0,0.940767090767622,0.008882911,0.056516536,0.056516536
1698.8301,-1.9268111,1000.0,1698.8301,2,612,185.0,532.6647670269012,612000,0.0,0.9683085419237614,0.008794751,0.051946253,0.051946253
1697.8176,-1.961763,1000.0,1697.8176,2,614,234.0,534.3295223712921,614000,0.0,0.9691533539444208,0.009068027,0.051302478,0.051302478
1698.3848,-1.9967884,1000.0,1698.3848,2,616,202.0,536.0421121120453,616000,0.0,0.9845049856230617,0.00897805,0.04778125,0.04778125
1704.1617,-2.0313783,1000.0,1704.1617,2,618,213.0,537.735187292099,618000,0.0,0.9810861796140671,0.008944468,0.056191444,0.056191444
1704.5769,-2.065973,1000.0,1704.5769,2,620,229.0,539.4485812187195,620000,0.0,0.969092221930623,0.008940191,0.051158536,0.051158536
1706.6228,-2.1005194,1000.0,1706.6228,2,622,223.0,541.1366872787476,622000,0.0,0.981577605009079,0.008965449,0.05297133,0.05297133
1708.8248,-2.1350927,1000.0,1708.8248,2,624,202.0,542.8317732810974,624000,0.0,0.9725557658821344,0.009032188,0.052139968,0.052139968
1709.8171,-2.1700664,1000.0,1709.8171,2,626,233.0,544.5084402561188,626000,0.0,0.9620203226804733,0.008907607,0.047445066,0.047445066
1710.732,-2.2050166,1000.0,1710.732,2,628,226.0,546.1866121292114,628000,0.0,0.9808827489614487,0.008911362,0.0533485,0.0533485
1714.0645,-2.239659,1000.0,1714.0645,2,630,208.0,547.8805303573608,630000,0.0,0.976422818377614,0.008958617,0.048729993,0.048729993
1714.5847,-2.27427,1000.0,1714.5847,2,632,217.0,549.5647931098938,632000,0.0,0.9710596762597561,0.008905985,0.050248913,0.050248913
1715.6282,-2.3089948,1000.0,1715.6282,2,634,241.0,551.2936091423035,634000,0.0,0.9828038886189461,0.008995007,0.052862562,0.052862562
1714.6389,-2.3439393,1000.0,1714.6389,2,636,223.0,553.0098502635956,636000,0.0,0.9827493540942669,0.0090237735,0.052886695,0.052886695
1718.9711,-2.3786874,1000.0,1718.9711,2,638,186.0,554.7057402133942,638000,0.0,0.983958013355732,0.008992755,0.053744294,0.053744294
1720.5417,-2.413428,1000.0,1720.5417,3,641,242.0,556.4554650783539,641000,0.0,0.9644676148891449,0.008964682,0.05285862,0.05285862
1724.4265,-2.4484005,1000.0,1724.4265,2,643,247.0,558.1209771633148,643000,0.0,0.9722029082477093,0.009002784,0.05358957,0.05358957
1726.7688,-2.4829347,1000.0,1726.7688,2,645,258.0,559.7892842292786,645000,0.0,0.9722856264561415,0.009125996,0.05233438,0.05233438
1725.2386,-2.517902,1000.0,1725.2386,2,647,255.0,561.4903812408447,647000,0.0,0.9831451177597046,0.009017852,0.053827547,0.053827547
1725.5023,-2.5525322,1000.0,1725.5023,2,649,257.0,563.18714594841,649000,0.0,0.9633923098444939,0.008929528,0.04894939,0.04894939
1726.1575,-2.5874214,1000.0,1726.1575,2,651,286.0,564.8941791057587,651000,0.0,0.9691988900303841,0.008877786,0.054491907,0.054491907
1728.261,-2.622436,1000.0,1728.261,2,653,220.0,566.5743763446808,653000,0.0,0.9788220431655645,0.009003862,0.0474955,0.0474955
1732.8215,-2.6570044,1000.0,1732.8215,2,655,203.0,568.2793600559235,655000,0.0,0.9798939414322376,0.008914249,0.055331625,0.055331625
1732.259,-2.691551,1000.0,1732.259,2,657,218.0,569.9679453372955,657000,0.0,0.9612446203827858,0.008902158,0.045500256,0.045500256
1734.6709,-2.7262795,1000.0,1734.6709,2,659,232.0,571.6763463020325,659000,0.0,0.9885828159749508,0.008961781,0.05189258,0.05189258
1735.7994,-2.7612088,1000.0,1735.7994,2,661,215.0,573.3487062454224,661000,0.0,0.9796612448990345,0.008882042,0.053073473,0.053073473
1735.4883,-2.796208,1000.0,1735.4883,2,663,222.0,575.0695240497589,663000,0.0,0.9560002014040947,0.008863388,0.045885675,0.045885675
1737.4828,-2.831132,1000.0,1737.4828,2,665,207.0,576.7524402141571,665000,0.0,0.9827816504985094,0.008940129,0.05066844,0.05066844
1741.5914,-2.8656776,1000.0,1741.5914,2,667,169.0,578.4460122585297,667000,0.0,0.9850938208401203,0.008840498,0.053877972,0.053877972
1743.1082,-2.90064,1000.0,1743.1082,2,669,198.0,580.1567661762238,669000,0.0,0.9723128154873848,0.00902001,0.052546494,0.052546494
1744.4655,-2.935282,1000.0,1744.4655,2,671,226.0,581.8436012268066,671000,0.0,0.9834614098072052,0.008896871,0.053601384,0.053601384
1745.2415,-2.969893,1000.0,1745.2415,2,673,255.0,583.5291719436646,673000,0.0,0.9794571902602911,0.008812877,0.049584858,0.049584858
1746.4971,-3.0048666,1000.0,1746.4971,2,675,244.0,585.2035400867462,675000,0.0,0.9802058525383472,0.00880875,0.049116835,0.049116835
1748.2734,-3.039837,1000.0,1748.2734,2,677,242.0,586.8797450065613,677000,0.0,0.9840206820517778,0.008921775,0.053169228,0.053169228
1747.5227,-3.074382,1000.0,1747.5227,2,679,225.0,588.5499651432037,679000,0.0,0.9869278790429235,0.008928131,0.051522657,0.051522657
1748.4062,-3.1089294,1000.0,1748.4062,2,681,298.0,590.3203961849213,681000,0.0,0.8841972127556801,0.009267467,0.056718055,0.056718055
1749.8235,-3.1438756,1000.0,1749.8235,3,684,254.0,592.0281012058258,684000,0.0,0.9667625054717064,0.008811044,0.056321587,0.056321587
1749.5443,-3.178463,1000.0,1749.5443,2,686,254.0,593.710202217102,686000,0.0,0.9634040631353855,0.008933772,0.050770126,0.050770126
1751.4938,-3.2130165,1000.0,1751.4938,2,688,287.0,595.3791770935059,688000,0.0,0.9729779176414013,0.0087917335,0.049291864,0.049291864
1751.2969,-3.2480037,1000.0,1751.2969,2,690,299.0,597.049280166626,690000,0.0,0.9824703801423311,0.0088834725,0.04680109,0.04680109
1753.1133,-3.2829547,1000.0,1753.1133,2,692,291.0,598.7176921367645,692000,0.0,0.982362624257803,0.0089414595,0.052404888,0.052404888
1754.2523,-3.3178713,1000.0,1754.2523,2,694,253.0,600.4019451141357,694000,0.0,0.9633552357554436,0.009069439,0.05382669,0.05382669
1752.1028,-3.3527877,1000.0,1752.1028,2,696,291.0,602.0661871433258,696000,0.0,0.9302064776420593,0.00891104,0.04913368,0.04913368
1751.1609,-3.3877575,1000.0,1751.1609,2,698,321.0,603.7311592102051,698000,0.0,0.9848495647311211,0.008874174,0.053466305,0.053466305
1751.3754,-3.4227152,1000.0,1751.3754,2,700,336.0,605.4393362998962,700000,0.0,0.962329488247633,0.009042774,0.057275154,0.057275154
1752.884,-3.4576862,1000.0,1752.884,2,702,302.0,607.1236391067505,702000,0.0,0.9786985293030739,0.008939138,0.050048977,0.050048977
1752.53,-3.4926746,1000.0,1752.53,2,704,312.0,608.8464262485504,704000,0.0,0.9810173232108355,0.008903217,0.04848133,0.04848133
1751.7562,-3.5276487,1000.0,1751.7562,2,706,309.0,610.5315372943878,706000,0.0,0.9797101989388466,0.008928133,0.049330447,0.049330447
1751.4216,-3.5622423,1000.0,1751.4216,2,708,266.0,612.2287931442261,708000,0.0,0.9824520908296108,0.008880405,0.048362784,0.048362784
1752.7924,-3.596911,1000.0,1752.7924,2,710,245.0,613.9494230747223,710000,0.0,0.9790643807500601,0.009021901,0.05514764,0.05514764
1754.5582,-3.6319003,1000.0,1754.5582,2,712,216.0,615.6425490379333,712000,0.0,0.9743267148733139,0.008877536,0.046239756,0.046239756
1757.696,-3.6668713,1000.0,1757.696,2,714,197.0,617.3189561367035,714000,0.0,0.9878318337723613,0.008976274,0.05039729,0.05039729
1757.3958,-3.7018275,1000.0,1757.3958,2,716,211.0,619.0202581882477,716000,0.0,0.9771629516035318,0.008990068,0.05031619,0.05031619
1758.1311,-3.7368162,1000.0,1758.1311,2,718,212.0,620.7601661682129,718000,0.0,0.9820336252450943,0.008849297,0.049511403,0.049511403
1756.0013,-3.7714202,1000.0,1756.0013,2,720,235.0,622.4330880641937,720000,0.0,0.963239248842001,0.00887347,0.044264574,0.044264574
1761.4164,-3.8060453,1000.0,1761.4164,2,722,218.0,624.1287553310394,722000,0.0,0.9849720504134893,0.008957254,0.04751156,0.04751156
1764.4773,-3.8410072,1000.0,1764.4773,2,724,212.0,625.8760960102081,724000,0.0,0.9624219052493572,0.009036582,0.051256243,0.051256243
1766.1318,-3.8759763,1000.0,1766.1318,3,727,233.0,627.5879333019257,727000,0.0,0.9658711291849613,0.0088719595,0.0502752,0.0502752
1770.0668,-3.9105372,1000.0,1770.0668,2,729,235.0,629.2821340560913,729000,0.0,0.9760666768997908,0.008953575,0.05937368,0.05937368
1771.3147,-3.9454987,1000.0,1771.3147,2,731,185.0,630.9870173931122,731000,0.0,0.9871472679078579,0.008940756,0.05315037,0.05315037
1774.2926,-3.980422,1000.0,1774.2926,2,733,194.0,632.6750483512878,733000,0.0,0.9764514174312353,0.008274492,0.052319862,0.052319862
1776.4147,-4.015332,1000.0,1776.4147,2,735,215.0,634.3775401115417,735000,0.0,0.9842780325561762,0.008893177,0.0495991,0.0495991
1780.0238,-4.050297,1000.0,1780.0238,2,737,203.0,636.0919752120972,737000,0.0,0.981574296951294,0.008942755,0.050606664,0.050606664
1783.9912,-4.084916,1000.0,1783.9912,2,739,236.0,637.8029131889343,739000,0.0,0.9849124848842621,0.008820136,0.050907884,0.050907884
1782.9515,-4.1198726,1000.0,1782.9515,2,741,242.0,639.5272011756897,741000,0.0,0.9735189694911242,0.008987622,0.046048287,0.046048287
1781.9258,-4.154843,1000.0,1781.9258,2,743,265.0,641.2221660614014,743000,0.0,0.974492808803916,0.008920765,0.052263282,0.052263282
1783.7904,-4.1898074,1000.0,1783.7904,2,745,270.0,642.9319932460785,745000,0.0,0.9523664377629757,0.009079379,0.059509326,0.059509326
1788.052,-4.2244835,1000.0,1788.052,2,747,228.0,644.6130900382996,747000,0.0,0.9708724208176136,0.008973378,0.049542055,0.049542055
1787.1228,-4.259446,1000.0,1787.1228,2,749,246.0,646.2851152420044,749000,0.0,0.9683900997042656,0.00888882,0.05072405,0.05072405
1787.6501,-4.2939987,1000.0,1787.6501,2,751,260.0,647.9608051776886,751000,0.0,0.96385757625103,0.008931775,0.04864812,0.04864812
1786.095,-4.328968,1000.0,1786.095,2,753,278.0,649.6448903083801,753000,0.0,0.9725917465984821,0.00899358,0.051364206,0.051364206
1787.3865,-4.3634834,1000.0,1787.3865,2,755,272.0,651.2835931777954,755000,0.0,0.9607620313763618,0.0072156503,0.047321267,0.047321267
1787.384,-4.39803,1000.0,1787.384,2,757,295.0,652.9521400928497,757000,0.0,0.9654009193181992,0.008848002,0.051619925,0.051619925
1788.294,-4.4329844,1000.0,1788.294,2,759,286.0,654.6392161846161,759000,0.0,0.9804050624370575,0.0089959465,0.049462844,0.049462844
1788.9609,-4.467543,1000.0,1788.9609,2,761,297.0,656.3184330463409,761000,0.0,0.9659377746284008,0.009012688,0.051046047,0.051046047
1788.0934,-4.5024543,1000.0,1788.0934,2,763,266.0,658.0229911804199,763000,0.0,0.967648521065712,0.009012653,0.049255513,0.049255513
1788.2434,-4.537407,1000.0,1788.2434,2,765,257.0,659.7051041126251,765000,0.0,0.9791031908243895,0.009019932,0.06335193,0.06335193
1790.6453,-4.5723467,1000.0,1790.6453,3,768,241.0,661.4134681224823,768000,0.0,0.9817654937505722,0.008989836,0.05451712,0.05451712
1791.5016,-4.6069307,1000.0,1791.5016,2,770,203.0,663.0584692955017,770000,0.0,0.9860059851780534,0.009086235,0.052221723,0.052221723
1788.3391,-4.641476,1000.0,1788.3391,2,772,258.0,664.7502729892731,772000,0.0,0.9427065886557102,0.008922767,0.051877573,0.051877573
1790.2637,-4.676441,1000.0,1790.2637,2,774,223.0,666.4321441650391,774000,0.0,0.9704665653407574,0.009024909,0.05446183,0.05446183
1789.6711,-4.7114134,1000.0,1789.6711,2,776,270.0,668.1158881187439,776000,0.0,0.95834656432271,0.008903601,0.05051383,0.05051383
1787.8395,-4.746386,1000.0,1787.8395,2,778,277.0,669.8122601509094,778000,0.0,0.9698067083954811,0.008931408,0.045715854,0.045715854
1791.2576,-4.7813597,1000.0,1791.2576,2,780,228.0,671.5067591667175,780000,0.0,0.9559950977563858,0.008694138,0.050427213,0.050427213
1793.8193,-4.816323,1000.0,1793.8193,2,782,267.0,673.2322449684143,782000,0.0,0.9733189940452576,0.00892242,0.049751416,0.049751416
1793.9285,-4.8512435,1000.0,1793.9285,2,784,249.0,674.9322922229767,784000,0.0,0.9800381269305944,0.008984936,0.050334774,0.050334774
1793.4441,-4.88578,1000.0,1793.4441,2,786,279.0,676.6495621204376,786000,0.0,0.9579087980091572,0.008913553,0.05130499,0.05130499
1792.4492,-4.9203725,1000.0,1792.4492,2,788,272.0,678.3725562095642,788000,0.0,0.9809417650103569,0.008856449,0.048822537,0.048822537
1791.9441,-4.955325,1000.0,1791.9441,2,790,264.0,680.0992622375488,790000,0.0,0.982712134718895,0.008928529,0.056629717,0.056629717
1795.0199,-4.990283,1000.0,1795.0199,2,792,285.0,681.7974231243134,792000,0.0,0.9739146120846272,0.008935453,0.050999887,0.050999887
1793.149,-5.025185,1000.0,1793.149,2,794,264.0,683.4904451370239,794000,0.0,0.9585586227476597,0.008962166,0.0490146,0.0490146
1793.1467,-5.0601707,1000.0,1793.1467,2,796,269.0,685.1624090671539,796000,0.0,0.9665920436382294,0.008890142,0.04657939,0.04657939
1794.8551,-5.0950933,1000.0,1794.8551,2,798,253.0,686.8547992706299,798000,0.0,0.9543320387601852,0.008998166,0.04929079,0.04929079
1795.9033,-5.1297135,1000.0,1795.9033,2,800,279.0,688.5299692153931,800000,0.0,0.9744904171675444,0.008849823,0.04885824,0.04885824
1796.0941,-5.164674,1000.0,1796.0941,2,802,309.0,690.2177581787109,802000,0.0,0.979749146848917,0.008931054,0.048739605,0.048739605
1793.1504,-5.1993055,1000.0,1793.1504,2,804,305.0,691.8904311656952,804000,0.0,0.9722334910184145,0.008933652,0.046971355,0.046971355
1791.982,-5.2338424,1000.0,1791.982,2,806,286.0,693.5711431503296,806000,0.0,0.9858993096277118,0.008977709,0.0555159,0.0555159
1792.2422,-5.2684236,1000.0,1792.2422,2,808,278.0,695.7157423496246,808000,0.0,0.9821533970534801,0.008981354,0.05492283,0.05492283
1791.4941,-5.3030243,1000.0,1791.4941,3,811,301.0,697.5408613681793,811000,0.0,0.9816929623484612,0.008727008,0.048072077,0.048072077
1791.1322,-5.337934,1000.0,1791.1322,2,813,289.0,699.2844202518463,813000,0.0,0.9572660028934479,0.0089604445,0.05327686,0.05327686
1787.418,-5.3724475,1000.0,1787.418,2,815,326.0,700.9316730499268,815000,0.0,0.9765963200479746,0.007754447,0.045363057,0.045363057
1790.375,-5.407426,1000.0,1790.375,2,817,284.0,702.6152193546295,817000,0.0,0.9846625635400414,0.009002379,0.050429597,0.050429597
1790.2152,-5.4420056,1000.0,1790.2152,2,819,267.0,704.2858281135559,819000,0.0,0.9755422007292509,0.008938156,0.049782597,0.049782597
1786.4924,-5.4766755,1000.0,1786.4924,2,821,313.0,705.9772300720215,821000,0.0,0.9736934956163168,0.008866101,0.047212493,0.047212493
1786.8098,-5.511222,1000.0,1786.8098,2,823,274.0,707.61967420578,823000,0.0,0.966791108250618,0.008718567,0.058831997,0.058831997
1788.3613,-5.5461836,1000.0,1788.3613,2,825,251.0,709.316565990448,825000,0.0,0.9634915590286255,0.008990041,0.057744678,0.057744678
1791.8962,-5.5810637,1000.0,1791.8962,2,827,238.0,711.0245471000671,827000,0.0,0.9716214835643768,0.009069959,0.05264688,0.05264688
1793.527,-5.616008,1000.0,1793.527,2,829,223.0,712.7161772251129,829000,0.0,0.978722857311368,0.0089467205,0.04944796,0.04944796
1793.3643,-5.6505218,1000.0,1793.3643,2,831,242.0,714.3517260551453,831000,0.0,0.9760028086602688,0.007224885,0.041130915,0.041130915
1796.3787,-5.685538,1000.0,1796.3787,2,833,235.0,716.4461131095886,833000,0.0,0.9733936171978712,0.009012282,0.04903961,0.04903961
1795.9281,-5.7201276,1000.0,1795.9281,2,835,223.0,718.1744329929352,835000,0.0,0.9748647455126047,0.00898776,0.04870426,0.04870426
1797.2761,-5.7550945,1000.0,1797.2761,2,837,232.0,719.8483130931854,837000,0.0,0.9780114348977804,0.008958279,0.049534198,0.049534198
1796.4049,-5.789639,1000.0,1796.4049,2,839,252.0,721.5033762454987,839000,0.0,0.9690887574106455,0.009400917,0.054356806,0.054356806
1797.7803,-5.8245935,1000.0,1797.7803,2,841,257.0,723.1943390369415,841000,0.0,0.9841291457414627,0.008955292,0.053083852,0.053083852
1798.9348,-5.859505,1000.0,1798.9348,2,843,257.0,724.8563551902771,843000,0.0,0.9785384386777878,0.008896467,0.047373015,0.047373015
1801.9918,-5.8944173,1000.0,1801.9918,2,845,267.0,726.5312283039093,845000,0.0,0.9767215736210346,0.008936772,0.056970336,0.056970336
1800.3734,-5.928954,1000.0,1800.3734,2,847,289.0,728.1871333122253,847000,0.0,0.9673932455480099,0.006683971,0.03975788,0.03975788
1799.6703,-5.9639053,1000.0,1799.6703,2,849,313.0,729.8780632019043,849000,0.0,0.9796630907803774,0.00866117,0.048088018,0.048088018
1799.5623,-5.998892,1000.0,1799.5623,2,851,296.0,731.6027352809906,851000,0.0,0.9789667278528214,0.008829526,0.046807803,0.046807803
1799.4443,-6.0338464,1000.0,1799.4443,3,854,309.0,733.2824063301086,854000,0.0,0.9825986456125975,0.009034336,0.054609954,0.054609954
1798.8723,-6.068397,1000.0,1798.8723,2,856,310.0,734.9371793270111,856000,0.0,0.9761796053498983,0.008869254,0.04799316,0.04799316
1798.9395,-6.103363,1000.0,1798.9395,2,858,314.0,736.6027321815491,858000,0.0,0.9716191198676825,0.009017156,0.052408263,0.052408263
1799.7158,-6.137932,1000.0,1799.7158,2,860,298.0,738.3223531246185,860000,0.0,0.984854475595057,0.008833505,0.047424752,0.047424752
1801.5082,-6.172476,1000.0,1801.5082,2,862,287.0,739.9485650062561,862000,0.0,0.9876699093729258,0.008205198,0.04798168,0.04798168
1798.6761,-6.207427,1000.0,1798.6761,2,864,268.0,741.6397650241852,864000,0.0,0.9704910218715668,0.008958558,0.052827124,0.052827124
1797.6621,-6.242402,1000.0,1797.6621,2,866,283.0,743.3270390033722,866000,0.0,0.9769281838089228,0.009025451,0.048162747,0.048162747
1799.4596,-6.2769403,1000.0,1799.4596,2,868,248.0,744.9760391712189,868000,0.0,0.9727468732744455,0.00750937,0.04482411,0.04482411
1798.8344,-6.311494,1000.0,1798.8344,2,870,241.0,746.6509721279144,870000,0.0,0.9751470517367125,0.008840909,0.047232747,0.047232747
1795.7766,-6.34607,1000.0,1795.7766,2,872,275.0,748.3356800079346,872000,0.0,0.9405033551156521,0.008933002,0.04287834,0.04287834
1794.2903,-6.380646,1000.0,1794.2903,2,874,243.0,750.0109691619873,874000,0.0,0.9729812312871218,0.008680437,0.05065556,0.05065556
1794.4926,-6.4151897,1000.0,1794.4926,2,876,274.0,751.6783239841461,876000,0.0,0.9847876848652959,0.008675229,0.04774625,0.04774625
1793.845,-6.450111,1000.0,1793.845,2,878,254.0,753.3151891231537,878000,0.0,0.9785636067390442,0.008570885,0.050912045,0.050912045
1794.8109,-6.484628,1000.0,1794.8109,2,880,237.0,754.9519023895264,880000,0.0,0.9747934620827436,0.008689247,0.05025152,0.05025152
1795.4795,-6.5191746,1000.0,1795.4795,2,882,248.0,756.5965430736542,882000,0.0,0.9738521110266447,0.008110979,0.0521089,0.0521089
1797.4395,-6.5537395,1000.0,1797.4395,2,884,181.0,758.3279752731323,884000,0.0,0.9789035469293594,0.009002324,0.05371768,0.05371768
1800.2389,-6.588653,1000.0,1800.2389,2,886,186.0,760.0237340927124,886000,0.0,0.9858450051397085,0.008857174,0.048239566,0.048239566
1801.3713,-6.623563,1000.0,1801.3713,2,888,211.0,761.6994361877441,888000,0.0,0.98603589925915,0.008553179,0.047464583,0.047464583
1803.4277,-6.6584835,1000.0,1803.4277,2,890,209.0,763.3980631828308,890000,0.0,0.983905578032136,0.008922576,0.04585197,0.04585197
1804.6449,-6.6934543,1000.0,1804.6449,2,892,234.0,765.0801479816437,892000,0.0,0.9833772629499435,0.008894383,0.05034019,0.05034019
1805.7914,-6.728063,1000.0,1805.7914,2,894,234.0,766.7368412017822,894000,0.0,0.988626254722476,0.008842535,0.048345372,0.048345372
1807.7336,-6.762693,1000.0,1807.7336,3,897,250.0,768.4256782531738,897000,0.0,0.9877981105819345,0.008809639,0.05027295,0.05027295
1809.9824,-6.79725,1000.0,1809.9824,2,899,221.0,770.0987982749939,899000,0.0,0.9716030526906252,0.008796103,0.050962884,0.050962884
1810.1764,-6.8322415,1000.0,1810.1764,2,901,220.0,771.7802221775055,901000,0.0,0.9769573342055082,0.008788403,0.043128267,0.043128267
1810.9164,-6.8675547,1000.0,1810.9164,2,903,201.0,773.485169172287,903000,0.0,0.9858830785378814,0.008961234,0.050258152,0.050258152
1810.6113,-6.9021063,1000.0,1810.6113,2,905,310.0,775.1779870986938,905000,0.0,0.9398539811372757,0.008923851,0.04578773,0.04578773
1810.2292,-6.9370403,1000.0,1810.2292,2,907,288.0,776.8326740264893,907000,0.0,0.9717859029769897,0.0089968555,0.056264274,0.056264274
1809.8271,-6.9719586,1000.0,1809.8271,2,909,275.0,778.6822052001953,909000,0.0,0.9755929727107286,0.009016098,0.045672536,0.045672536
1809.2285,-7.0065837,1000.0,1809.2285,2,911,256.0,780.3990252017975,911000,0.0,0.9843015540391207,0.008763671,0.04941192,0.04941192
1812.9421,-7.0414953,1000.0,1812.9421,2,913,272.0,782.0379011631012,913000,0.0,0.9668275862932205,0.00792803,0.050957754,0.050957754
1814.1292,-7.075594,1000.0,1814.1292,2,915,245.0,783.7158591747284,915000,0.0,0.9739506989717484,0.0086927805,0.04637634,0.04637634
1815.78,-7.111118,1000.0,1815.78,2,917,226.0,785.4479501247406,917000,0.0,0.9830434322357178,0.009399112,0.05608454,0.05608454
1817.5582,-7.145638,1000.0,1817.5582,2,919,202.0,787.2153031826019,919000,0.0,0.9811866004019976,0.008851903,0.052619774,0.052619774
1818.0306,-7.180569,1000.0,1818.0306,2,921,254.0,788.8981971740723,921000,0.0,0.977521825581789,0.008606349,0.048834514,0.048834514
1818.7496,-7.2152987,1000.0,1818.7496,2,923,224.0,790.5610172748566,923000,0.0,0.9836572967469692,0.00749065,0.04311818,0.04311818
1815.8033,-7.250211,1000.0,1815.8033,2,925,281.0,792.1952402591705,925000,0.0,0.9803309645503759,0.007341138,0.04451806,0.04451806
1815.2742,-7.2851586,1000.0,1815.2742,2,927,282.0,793.9119460582733,927000,0.0,0.981639888137579,0.008754913,0.051470328,0.051470328
1816.5117,-7.3200994,1000.0,1816.5117,2,929,257.0,795.6159460544586,929000,0.0,0.9814167693257332,0.008909736,0.055049006,0.055049006
1817.2122,-7.354616,1000.0,1817.2122,2,931,234.0,797.2486703395844,931000,0.0,0.9852119153365493,0.00767276,0.047218792,0.047218792
1820.7822,-7.383814,1000.0,1820.7822,2,933,222.0,798.961058139801,933000,0.0,0.9702151771634817,0.008949599,0.048702635,0.048702635
1821.9065,-7.4184246,1000.0,1821.9065,2,935,220.0,800.6640481948853,935000,0.0,0.9823528863489628,0.009026773,0.050444014,0.050444014
1823.845,-7.4533668,1000.0,1823.845,2,937,233.0,802.3805592060089,937000,0.0,0.9790117312222719,0.008916065,0.050232373,0.050232373
1822.8557,-7.488005,1000.0,1822.8557,3,940,235.0,804.1264140605927,940000,0.0,0.9803597386926413,0.008960943,0.048573725,0.048573725
1820.653,-7.522918,1000.0,1820.653,2,942,254.0,805.8335890769958,942000,0.0,0.9682072810828686,0.008871704,0.046746556,0.046746556
1821.3004,-7.557831,1000.0,1821.3004,2,944,279.0,807.5359561443329,944000,0.0,0.955631747841835,0.008960238,0.06401987,0.06401987
1827.8171,-7.579687,1000.0,1827.8171,2,946,237.0,809.2006120681763,946000,0.0,0.9721244387328625,0.008582522,0.053044774,0.053044774
1829.3125,-7.6145983,1000.0,1829.3125,2,948,223.0,810.8812401294708,948000,0.0,0.9822401888668537,0.009002155,0.048414808,0.048414808
1829.7263,-7.64956,1000.0,1829.7263,2,950,225.0,812.5490171909332,950000,0.0,0.9575948268175125,0.008991566,0.045424376,0.045424376
1828.609,-7.684546,1000.0,1828.609,2,952,249.0,814.2267010211945,952000,0.0,0.9759534765034914,0.008866831,0.047402054,0.047402054
1830.0752,-7.7195063,1000.0,1830.0752,2,954,246.0,815.9097421169281,954000,0.0,0.9744173604995012,0.008923952,0.055557586,0.055557586
1831.7253,-7.7540584,1000.0,1831.7253,2,956,207.0,817.5869162082672,956000,0.0,0.9801063686609268,0.00885989,0.04970091,0.04970091
1831.5726,-7.7889643,1000.0,1831.5726,2,958,219.0,819.267067193985,958000,0.0,0.9833961576223373,0.00910072,0.04629469,0.04629469
1832.1328,-7.823585,1000.0,1832.1328,2,960,218.0,820.9352321624756,960000,0.0,0.9797876384109259,0.008743126,0.047575675,0.047575675
1832.5752,-7.8585143,1000.0,1832.5752,2,962,249.0,822.6343402862549,962000,0.0,0.9823771342635155,0.00896077,0.050133273,0.050133273
1834.6682,-7.8934565,1000.0,1834.6682,2,964,221.0,824.3754031658173,964000,0.0,0.982559222728014,0.009120176,0.054306537,0.054306537
1836.8992,-7.9284434,1000.0,1836.8992,2,966,252.0,826.0368762016296,966000,0.0,0.9828832000494003,0.008963168,0.050283253,0.050283253
1836.8438,-7.96299,1000.0,1836.8438,2,968,262.0,827.7211902141571,968000,0.0,0.9849688224494457,0.008779978,0.04746511,0.04746511
1834.959,-7.997896,1000.0,1834.959,2,970,265.0,829.3708050251007,970000,0.0,0.973194845020771,0.007266945,0.04256224,0.04256224
1834.3201,-8.032446,1000.0,1834.3201,2,972,284.0,831.060209274292,972000,0.0,0.9776881020516157,0.00892007,0.05356536,0.05356536
1831.0735,-8.067474,1000.0,1831.0735,2,974,318.0,832.758730173111,974000,0.0,0.9471750669181347,0.009006832,0.043163586,0.043163586
1830.4004,-8.102045,1000.0,1830.4004,2,976,346.0,834.441926240921,976000,0.0,0.9765190314501524,0.008932452,0.04639747,0.04639747
1826.932,-8.136986,1000.0,1826.932,2,978,328.0,836.1030583381653,978000,0.0,0.9676731824874878,0.008970294,0.05049772,0.05049772
1826.0797,-8.171602,1000.0,1826.0797,2,980,345.0,837.7607250213623,980000,0.0,0.9667167700827122,0.009007391,0.050659284,0.050659284
1825.4114,-8.206453,1000.0,1825.4114,3,983,355.0,839.5455050468445,983000,0.0,0.9714851956814528,0.009068677,0.04783679,0.04783679
1822.7692,-8.240991,1000.0,1822.7692,2,985,308.0,841.2930371761322,985000,0.0,0.9814561251550913,0.009156911,0.054649286,0.054649286
1821.6031,-8.275996,1000.0,1821.6031,2,987,304.0,842.9863500595093,987000,0.0,0.9774985872209072,0.008809044,0.04671485,0.04671485
1820.8558,-8.310696,1000.0,1820.8558,2,989,284.0,844.6508610248566,989000,0.0,0.9732332769781351,0.007302835,0.041048877,0.041048877
1821.9128,-8.345216,1000.0,1821.9128,2,991,269.0,846.3439123630524,991000,0.0,0.9680209755897522,0.009066017,0.061546654,0.061546654
1823.5403,-8.3721,1000.0,1823.5403,2,993,255.0,848.0069751739502,993000,0.0,0.9840498920530081,0.008884182,0.047599252,0.047599252
1820.0852,-8.407091,1000.0,1820.0852,2,995,283.0,849.7099750041962,995000,0.0,0.9813791401684284,0.008830106,0.050776675,0.050776675
1818.6101,-8.441652,1000.0,1818.6101,2,997,269.0,851.4102420806885,997000,0.0,0.9837717358022928,0.008766657,0.045342453,0.045342453
1820.0055,-8.475829,1000.0,1820.0055,2,999,247.0,853.1114480495453,999000,0.0,0.9746228717267513,0.008885553,0.055531494,0.055531494
1820.8467,-8.5104065,1000.0,1820.8467,2,1001,207.0,854.8383753299713,1001000,0.0,0.9767168294638395,0.008880658,0.049866363,0.049866363
