AverageReturn,Entropy,EpLenMean,EpRewMean,EpThisIter,EpisodesSoFar,TimeElapsed,TimestepsSoFar,entloss,ev_tdlam_before,meankl,optimgain,surrgain
-44.649696,8.478673,1000.0,-44.649696,2,2,2.5363590717315674,2000,0.0,-0.007821917533874512,0.008903398,0.039701365,0.039701365
-28.048773,8.443761,1000.0,-28.048773,2,4,4.1440160274505615,4000,0.0,0.17455369234085083,0.009057935,0.037692048,0.037692048
-52.464615,8.408779,1000.0,-52.464615,2,6,5.723100185394287,6000,0.0,0.09022223949432373,0.009061626,0.04642768,0.04642768
-56.58281,8.373929,1000.0,-56.58281,2,8,7.328370809555054,8000,0.0,0.13159948587417603,0.008953699,0.039916128,0.039916128
-41.813885,8.339024,1000.0,-41.813885,2,10,8.896714925765991,10000,0.0,0.32101505994796753,0.00896251,0.045753743,0.045753743
-29.939524,8.303953,1000.0,-29.939524,2,12,10.482764959335327,12000,0.0,0.44294410943984985,0.008982457,0.03731645,0.03731645
-24.364122,8.268672,1000.0,-24.364122,2,14,12.07421088218689,14000,0.0,0.32745444774627686,0.008929353,0.038924336,0.038924336
-27.467724,8.233125,1000.0,-27.467724,2,16,13.65938401222229,16000,0.0,0.3430391550064087,0.009069335,0.042603742,0.042603742
-21.094223,8.198375,1000.0,-21.094223,2,18,15.22832703590393,18000,0.0,0.30354833602905273,0.008675056,0.046617046,0.046617046
-22.643364,8.163575,1000.0,-22.643364,2,20,16.810536861419678,20000,0.0,0.5220386385917664,0.009006005,0.043166485,0.043166485
-18.94625,8.128669,1000.0,-18.94625,2,22,18.38410210609436,22000,0.0,0.26029837131500244,0.009020301,0.0461445,0.0461445
-18.26761,8.093757,1000.0,-18.26761,2,24,19.94046401977539,24000,0.0,0.23047322034835815,0.008946342,0.04956127,0.04956127
-20.896107,8.058717,1000.0,-20.896107,2,26,21.515326976776123,26000,0.0,0.20225512981414795,0.008945146,0.05052204,0.05052204
-19.984112,8.023805,1000.0,-19.984112,2,28,23.07902193069458,28000,0.0,0.1833919882774353,0.008918199,0.050189786,0.050189786
-12.219946,7.989136,1000.0,-12.219946,2,30,24.658648014068604,30000,0.0,0.15850025415420532,0.009134248,0.04573001,0.04573001
-11.793402,7.9542527,1000.0,-11.793402,2,32,26.273813009262085,32000,0.0,0.2077096700668335,0.009043068,0.050192893,0.050192893
-12.476076,7.919434,1000.0,-12.476076,2,34,27.866796016693115,34000,0.0,0.22668081521987915,0.0089731775,0.048900716,0.048900716
-11.675673,7.884735,1000.0,-11.675673,2,36,29.44954204559326,36000,0.0,0.27419447898864746,0.009073541,0.046047054,0.046047054
-14.431786,7.8479915,1000.0,-14.431786,2,38,31.008469820022583,38000,0.0,0.3403211236000061,0.00935333,0.052106425,0.052106425
-12.810043,7.8131084,1000.0,-12.810043,2,40,32.577893018722534,40000,0.0,0.3494800329208374,0.008964632,0.05280548,0.05280548
-8.129298,7.778295,1000.0,-8.129298,3,43,34.16642713546753,43000,0.0,0.3409528136253357,0.00896795,0.050051935,0.050051935
-1.9721161,7.7434077,1000.0,-1.9721161,2,45,35.731647968292236,45000,0.0,0.3775656819343567,0.008952098,0.052192733,0.052192733
6.1048,7.7086244,1000.0,6.1048,2,47,37.30521106719971,47000,0.0,0.550873875617981,0.008856704,0.049762774,0.049762774
10.270514,7.673714,1000.0,10.270514,2,49,38.87335801124573,49000,0.0,0.4589264988899231,0.009002994,0.049637444,0.049637444
15.590787,7.638802,1000.0,15.590787,2,51,40.45319390296936,51000,0.0,0.2813183665275574,0.008945519,0.052983537,0.052983537
14.818713,7.6038885,1000.0,14.818713,2,53,42.01492190361023,53000,0.0,0.1621827483177185,0.0089726,0.05728627,0.05728627
18.032202,7.5689692,1000.0,18.032202,2,55,43.58806395530701,55000,0.0,0.3263140320777893,0.008868167,0.05411344,0.05411344
20.37662,7.534064,1000.0,20.37662,2,57,45.17349290847778,57000,0.0,0.41661280393600464,0.009069435,0.057907782,0.057907782
25.109783,7.499176,1000.0,25.109783,2,59,46.739306926727295,59000,0.0,0.2997536063194275,0.008787367,0.05746873,0.05746873
30.173107,7.4640217,1000.0,30.173107,2,61,48.294859886169434,61000,0.0,0.3174464702606201,0.008883591,0.057831146,0.057831146
35.553337,7.4291024,1000.0,35.553337,2,63,49.87522912025452,63000,0.0,0.23467040061950684,0.008920286,0.05504552,0.05504552
40.936123,7.3940177,1000.0,40.936123,2,65,51.448249101638794,65000,0.0,0.5660354495048523,0.008940876,0.05931209,0.05931209
47.8603,7.3590994,1000.0,47.8603,2,67,53.01032376289368,67000,0.0,0.47402989864349365,0.00892881,0.05839176,0.05839176
50.14967,7.324217,1000.0,50.14967,2,69,54.594940185546875,69000,0.0,0.4929835796356201,0.008762007,0.060328856,0.060328856
51.625652,7.288478,1000.0,51.625652,2,71,56.18265199661255,71000,0.0,0.36946922540664673,0.00886493,0.057924718,0.057924718
61.323555,7.2535715,1000.0,61.323555,2,73,57.78870105743408,73000,0.0,0.3974364399909973,0.008829804,0.05787106,0.05787106
68.42544,7.218504,1000.0,68.42544,2,75,59.37742900848389,75000,0.0,0.23662680387496948,0.009097217,0.057277735,0.057277735
81.97941,7.1836004,1000.0,81.97941,2,77,60.926878929138184,77000,0.0,0.2711831331253052,0.008844707,0.061307967,0.061307967
88.656944,7.1487136,1000.0,88.656944,2,79,62.50679588317871,79000,0.0,0.3630932569503784,0.008963319,0.057185836,0.057185836
97.30119,7.1137958,1000.0,97.30119,2,81,64.08319401741028,81000,0.0,0.6155304908752441,0.0089868875,0.062440924,0.062440924
102.34496,7.0788856,1000.0,102.34496,2,83,65.68939995765686,83000,0.0,0.42323464155197144,0.008782499,0.053456634,0.053456634
109.8209,7.0439777,1000.0,109.8209,3,86,67.28863096237183,86000,0.0,0.22853821516036987,0.009264903,0.0577629,0.0577629
116.189285,7.0090666,1000.0,116.189285,2,88,68.85659790039062,88000,0.0,0.3895876407623291,0.008798972,0.05987429,0.05987429
121.35144,6.974154,1000.0,121.35144,2,90,70.43163895606995,90000,0.0,0.5633322894573212,0.009021721,0.060187355,0.060187355
132.92998,6.9392433,1000.0,132.92998,2,92,72.01445078849792,92000,0.0,0.6254307329654694,0.00899407,0.06530245,0.06530245
137.15016,6.904051,1000.0,137.15016,2,94,73.57960319519043,94000,0.0,0.28362613916397095,0.008876075,0.059136353,0.059136353
142.61636,6.8689036,1000.0,142.61636,2,96,75.16476202011108,96000,0.0,0.5312771201133728,0.008864075,0.059363954,0.059363954
149.08237,6.833949,1000.0,149.08237,2,98,76.74908089637756,98000,0.0,0.5362316966056824,0.008945759,0.05911177,0.05911177
161.13846,6.7988353,1000.0,161.13846,2,100,78.34700584411621,100000,0.0,0.5095791816711426,0.009003237,0.05800146,0.05800146
169.62819,6.7638025,1000.0,169.62819,2,102,79.92369508743286,102000,0.0,0.6393135786056519,0.0090584755,0.059824675,0.059824675
179.83768,6.7289095,1000.0,179.83768,2,104,81.53825497627258,104000,0.0,0.5798873603343964,0.008859788,0.060566343,0.060566343
184.08194,6.693997,1000.0,184.08194,2,106,83.1460919380188,106000,0.0,0.6388734877109528,0.008877108,0.064871915,0.064871915
197.41818,6.6590867,1000.0,197.41818,2,108,84.71418476104736,108000,0.0,0.6072772443294525,0.0088263955,0.05977197,0.05977197
204.06421,6.624021,1000.0,204.06421,2,110,86.28959894180298,110000,0.0,0.3470882773399353,0.008617656,0.05968485,0.05968485
214.91194,6.5890245,1000.0,214.91194,2,112,87.88096809387207,112000,0.0,0.23163026571273804,0.009116772,0.061225124,0.061225124
220.61128,6.554114,1000.0,220.61128,2,114,89.44900488853455,114000,0.0,0.32954221963882446,0.009010905,0.06310506,0.06310506
225.78569,6.5188837,1000.0,225.78569,2,116,91.01938199996948,116000,0.0,0.3036365509033203,0.008991515,0.06161509,0.06161509
235.94182,6.483856,1000.0,235.94182,2,118,92.60142397880554,118000,0.0,0.4902688264846802,0.008958835,0.061304364,0.061304364
239.5728,6.4489393,1000.0,239.5728,2,120,94.17912197113037,120000,0.0,0.4024907946586609,0.008962512,0.06334739,0.06334739
247.85356,6.4140263,1000.0,247.85356,2,122,95.7484221458435,122000,0.0,0.6927391588687897,0.008966944,0.06627464,0.06627464
255.10635,6.378786,1000.0,255.10635,2,124,97.36098194122314,124000,0.0,0.8512401431798935,0.008825689,0.06469109,0.06469109
271.02725,6.34362,1000.0,271.02725,2,126,99.01491594314575,126000,0.0,0.7598562985658646,0.008921929,0.0680529,0.0680529
285.78168,6.308962,1000.0,285.78168,3,129,100.60068702697754,129000,0.0,0.7407441437244415,0.00895955,0.06699323,0.06699323
297.01093,6.2740183,1000.0,297.01093,2,131,102.18091416358948,131000,0.0,0.46220970153808594,0.008880167,0.0626005,0.0626005
305.58478,6.2388597,1000.0,305.58478,2,133,103.74112701416016,133000,0.0,0.4100615978240967,0.009011768,0.06539106,0.06539106
324.8235,6.2039404,1000.0,324.8235,2,135,105.32494878768921,135000,0.0,0.5607379674911499,0.008738691,0.06439906,0.06439906
332.85626,6.1690598,1000.0,332.85626,2,137,106.88677287101746,137000,0.0,0.4378403425216675,0.008916536,0.066180155,0.066180155
337.71805,6.1341577,1000.0,337.71805,2,139,108.44490885734558,139000,0.0,0.6863175928592682,0.008942968,0.06696752,0.06696752
346.7532,6.0992107,1000.0,346.7532,2,141,110.03403687477112,141000,0.0,0.8363111019134521,0.008846091,0.06980111,0.06980111
359.7121,6.063966,1000.0,359.7121,2,143,111.61383390426636,143000,0.0,0.7934352159500122,0.008841455,0.06480861,0.06480861
368.90445,6.0290203,1000.0,368.90445,2,145,113.20116901397705,145000,0.0,0.8198499977588654,0.008809486,0.06420679,0.06420679
376.11627,5.9943027,1000.0,376.11627,2,147,114.76398301124573,147000,0.0,0.8988927453756332,0.008887154,0.0661944,0.0661944
385.81006,5.959391,1000.0,385.81006,2,149,116.33378601074219,149000,0.0,0.733228325843811,0.009076745,0.06801513,0.06801513
397.75662,5.9242277,1000.0,397.75662,2,151,117.92310905456543,151000,0.0,0.8586405813694,0.009021262,0.06383187,0.06383187
413.42822,5.889251,1000.0,413.42822,2,153,119.49683284759521,153000,0.0,0.7629796117544174,0.008929025,0.06865877,0.06865877
430.19424,5.8543677,1000.0,430.19424,2,155,121.05207705497742,155000,0.0,0.7957856506109238,0.009018096,0.06600129,0.06600129
444.54498,5.819858,1000.0,444.54498,2,157,122.61289477348328,157000,0.0,0.767528310418129,0.0089240195,0.06904839,0.06904839
458.5882,5.7848797,1000.0,458.5882,2,159,124.16293811798096,159000,0.0,0.6545560956001282,0.008928919,0.06898589,0.06898589
471.32318,5.7499995,1000.0,471.32318,2,161,125.73602509498596,161000,0.0,0.7173969149589539,0.00891619,0.06902255,0.06902255
470.39395,5.7150965,1000.0,470.39395,2,163,127.3123550415039,163000,0.0,0.7261717021465302,0.008863138,0.0703689,0.0703689
483.87714,5.6803308,1000.0,483.87714,2,165,128.86796402931213,165000,0.0,0.7303396761417389,0.008963566,0.06897133,0.06897133
501.69742,5.6454287,1000.0,501.69742,2,167,130.4390881061554,167000,0.0,0.8663249611854553,0.008931089,0.06664483,0.06664483
503.94025,5.61072,1000.0,503.94025,2,169,132.0176658630371,169000,0.0,0.8994722664356232,0.008995926,0.06866809,0.06866809
520.03845,5.5756826,1000.0,520.03845,3,172,133.61440205574036,172000,0.0,0.7362745106220245,0.008885512,0.06488555,0.06488555
533.97705,5.5407276,1000.0,533.97705,2,174,135.1963369846344,174000,0.0,0.8487888276576996,0.008803595,0.070390165,0.070390165
546.09064,5.5058565,1000.0,546.09064,2,176,136.74504399299622,176000,0.0,0.760458454489708,0.008793245,0.06630221,0.06630221
563.4938,5.470958,1000.0,563.4938,2,178,138.31291007995605,178000,0.0,0.7288738489151001,0.008964466,0.07157473,0.07157473
576.27295,5.43616,1000.0,576.27295,2,180,139.87097787857056,180000,0.0,0.8464738875627518,0.008892376,0.06498054,0.06498054
590.94366,5.40189,1000.0,590.94366,2,182,141.44502997398376,182000,0.0,0.8403334319591522,0.008974768,0.06709278,0.06709278
601.1999,5.3668222,1000.0,601.1999,2,184,143.01617097854614,184000,0.0,0.8830450251698494,0.008880522,0.06897736,0.06897736
617.6151,5.331776,1000.0,617.6151,2,186,144.59268498420715,186000,0.0,0.8343956619501114,0.008927451,0.06776963,0.06776963
638.88245,5.296872,1000.0,638.88245,2,188,146.1686680316925,188000,0.0,0.8318634778261185,0.00904857,0.07112546,0.07112546
657.5785,5.261951,1000.0,657.5785,2,190,147.71021103858948,190000,0.0,0.8963343799114227,0.008832545,0.07016584,0.07016584
675.56085,5.226883,1000.0,675.56085,2,192,149.28870010375977,192000,0.0,0.8833391591906548,0.008960962,0.06442411,0.06442411
689.88153,5.1919703,1000.0,689.88153,2,194,150.8633258342743,194000,0.0,0.7329384982585907,0.0088504795,0.06617513,0.06617513
695.3638,5.1569943,1000.0,695.3638,2,196,152.42943406105042,196000,0.0,0.8943326026201248,0.009042095,0.07044767,0.07044767
696.3906,5.121984,1000.0,696.3906,2,198,153.97748017311096,198000,0.0,0.9029593989253044,0.008913312,0.06746473,0.06746473
716.14294,5.0867915,1000.0,716.14294,2,200,155.76830506324768,200000,0.0,0.8631244748830795,0.00887444,0.062421508,0.062421508
740.7411,5.051712,1000.0,740.7411,2,202,157.3368628025055,202000,0.0,0.8915281817317009,0.009020379,0.06887549,0.06887549
761.9987,5.0166473,1000.0,761.9987,2,204,158.90584897994995,204000,0.0,0.824752077460289,0.008758133,0.072080545,0.072080545
766.35205,4.9823003,1000.0,766.35205,2,206,160.47269296646118,206000,0.0,0.9077407866716385,0.009036103,0.070157945,0.070157945
780.05994,4.9472256,1000.0,780.05994,2,208,162.19911289215088,208000,0.0,0.76950304210186,0.008922759,0.070109904,0.070109904
801.65784,4.9123507,1000.0,801.65784,2,210,164.06978917121887,210000,0.0,0.8466316908597946,0.008860941,0.062300764,0.062300764
820.4499,4.877367,1000.0,820.4499,2,212,165.64983701705933,212000,0.0,0.8660020977258682,0.008873744,0.0676077,0.0676077
839.2494,4.84236,1000.0,839.2494,3,215,167.36333107948303,215000,0.0,0.7342596054077148,0.008817274,0.061389208,0.061389208
857.0993,4.8074565,1000.0,857.0993,2,217,168.97332000732422,217000,0.0,0.902167409658432,0.008937914,0.06954158,0.06954158
872.36975,4.7724714,1000.0,872.36975,2,219,170.55000376701355,219000,0.0,0.8013136833906174,0.008853249,0.0692271,0.0692271
887.58575,4.737539,1000.0,887.58575,2,221,172.13582396507263,221000,0.0,0.8503255546092987,0.008945404,0.06807235,0.06807235
907.7482,4.702432,1000.0,907.7482,2,223,173.69495391845703,223000,0.0,0.8689761608839035,0.008986991,0.06922117,0.06922117
916.0306,4.6673985,1000.0,916.0306,2,225,175.3151569366455,225000,0.0,0.772325336933136,0.008889135,0.06587416,0.06587416
929.5504,4.632205,1000.0,929.5504,2,227,176.93302297592163,227000,0.0,0.8044620603322983,0.008885842,0.06684172,0.06684172
940.2635,4.597047,1000.0,940.2635,2,229,178.49784398078918,229000,0.0,0.8165103942155838,0.008990496,0.06285233,0.06285233
951.2554,4.5621305,1000.0,951.2554,2,231,180.06108498573303,231000,0.0,0.8075484484434128,0.00886886,0.07140547,0.07140547
964.1418,4.527049,1000.0,964.1418,2,233,181.6679048538208,233000,0.0,0.8838448971509933,0.008932941,0.06449467,0.06449467
974.7357,4.4920545,1000.0,974.7357,2,235,183.24012899398804,235000,0.0,0.9517817534506321,0.008906584,0.06712189,0.06712189
991.5016,4.457035,1000.0,991.5016,2,237,184.80804800987244,237000,0.0,0.9603792503476143,0.008883461,0.069604605,0.069604605
1007.77765,4.4220395,1000.0,1007.77765,2,239,186.42709016799927,239000,0.0,0.9055646657943726,0.008920347,0.062296957,0.062296957
1020.75323,4.387007,1000.0,1020.75323,2,241,188.02299308776855,241000,0.0,0.8753002285957336,0.008885267,0.06553471,0.06553471
1029.9515,4.351981,1000.0,1029.9515,2,243,189.63746809959412,243000,0.0,0.7928794473409653,0.008987388,0.06391888,0.06391888
1038.3553,4.317093,1000.0,1038.3553,2,245,191.2309648990631,245000,0.0,0.8890054672956467,0.008797607,0.06650375,0.06650375
1066.8243,4.2822127,1000.0,1066.8243,2,247,192.83284091949463,247000,0.0,0.9415323995053768,0.00887356,0.06930952,0.06930952
1080.4125,4.2472577,1000.0,1080.4125,2,249,194.40283799171448,249000,0.0,0.8800075948238373,0.009061363,0.06294618,0.06294618
1091.0979,4.2122135,1000.0,1091.0979,2,251,195.95749711990356,251000,0.0,0.8642499297857285,0.008973321,0.064975895,0.064975895
1107.7032,4.1771994,1000.0,1107.7032,2,253,197.5262508392334,253000,0.0,0.9550313241779804,0.008974804,0.06437343,0.06437343
1126.708,4.1421676,1000.0,1126.708,3,256,199.09308695793152,256000,0.0,0.8550221174955368,0.0088881515,0.0662123,0.0662123
1137.8983,4.1072226,1000.0,1137.8983,2,258,200.6683599948883,258000,0.0,0.87860307097435,0.008842181,0.06434453,0.06434453
1154.0416,4.0722804,1000.0,1154.0416,2,260,202.2285499572754,260000,0.0,0.8912276849150658,0.008926891,0.06601475,0.06601475
1160.0798,4.0372767,1000.0,1160.0798,2,262,203.7980830669403,262000,0.0,0.9351961240172386,0.009043135,0.06644304,0.06644304
1172.6459,4.002563,1000.0,1172.6459,2,264,205.34998607635498,264000,0.0,0.8050035983324051,0.008978174,0.0651753,0.0651753
1184.4067,3.9674673,1000.0,1184.4067,2,266,206.92977595329285,266000,0.0,0.8265896141529083,0.008844109,0.06296838,0.06296838
1201.7557,3.9324307,1000.0,1201.7557,2,268,208.47943806648254,268000,0.0,0.8538873642683029,0.008961738,0.06154061,0.06154061
1212.627,3.8974154,1000.0,1212.627,2,270,210.11858987808228,270000,0.0,0.8336668461561203,0.008964781,0.06413991,0.06413991
1222.1271,3.8623688,1000.0,1222.1271,2,272,211.68993592262268,272000,0.0,0.8818996101617813,0.008898704,0.06516229,0.06516229
1246.8918,3.8274055,1000.0,1246.8918,2,274,213.28526616096497,274000,0.0,0.8326303958892822,0.008898502,0.065994665,0.065994665
1273.0065,3.7925284,1000.0,1273.0065,2,276,214.84588193893433,276000,0.0,0.7893184423446655,0.00881268,0.06569576,0.06569576
1280.0576,3.7575839,1000.0,1280.0576,2,278,216.41689491271973,278000,0.0,0.8274069428443909,0.008736598,0.06354565,0.06354565
1295.1481,3.7225354,1000.0,1295.1481,2,280,218.01414394378662,280000,0.0,0.9154873564839363,0.009044463,0.0680443,0.0680443
1308.1722,3.6876354,1000.0,1308.1722,2,282,219.57696509361267,282000,0.0,0.7861859351396561,0.008896499,0.067520484,0.067520484
1326.7795,3.6527257,1000.0,1326.7795,2,284,221.15061688423157,284000,0.0,0.9184266999363899,0.009084312,0.06688246,0.06688246
1340.1178,3.6177843,1000.0,1340.1178,2,286,222.7857940196991,286000,0.0,0.9043837040662766,0.0089565385,0.06702119,0.06702119
1348.0043,3.5827508,1000.0,1348.0043,2,288,224.34912610054016,288000,0.0,0.8527483493089676,0.008939024,0.064537525,0.064537525
1344.7703,3.5478067,1000.0,1344.7703,2,290,225.94459795951843,290000,0.0,0.9553098827600479,0.008897077,0.069828674,0.069828674
1360.3794,3.5128043,1000.0,1360.3794,2,292,227.55489921569824,292000,0.0,0.8872477933764458,0.00893707,0.06735174,0.06735174
1366.886,3.477901,1000.0,1366.886,2,294,229.11628413200378,294000,0.0,0.8288035988807678,0.008975172,0.061891958,0.061891958
1372.3016,3.4431198,1000.0,1372.3016,2,296,230.68838691711426,296000,0.0,0.9072229787707329,0.009054823,0.06333928,0.06333928
1391.1042,3.40822,1000.0,1391.1042,3,299,232.2987449169159,299000,0.0,0.8638890087604523,0.008961598,0.06542553,0.06542553
1404.9617,3.3733056,1000.0,1404.9617,2,301,233.9496648311615,301000,0.0,0.8727350533008575,0.00895574,0.061939344,0.061939344
1420.0836,3.3383038,1000.0,1420.0836,2,303,235.7033350467682,303000,0.0,0.859092965722084,0.009036273,0.065550715,0.065550715
1428.7601,3.3034103,1000.0,1428.7601,2,305,237.30829405784607,305000,0.0,0.919871486723423,0.008941282,0.06644266,0.06644266
1424.9386,3.2684186,1000.0,1424.9386,2,307,238.91042804718018,307000,0.0,0.93094652146101,0.008779242,0.068604134,0.068604134
1433.5062,3.2335217,1000.0,1433.5062,2,309,240.5148651599884,309000,0.0,0.8101914823055267,0.009016602,0.06364791,0.06364791
1441.7195,3.1985896,1000.0,1441.7195,2,311,242.1009120941162,311000,0.0,0.8685611039400101,0.00887478,0.06689569,0.06689569
1463.511,3.163654,1000.0,1463.511,2,313,243.71430492401123,313000,0.0,0.9009807780385017,0.008885503,0.062099054,0.062099054
1472.5071,3.128845,1000.0,1472.5071,2,315,245.35109090805054,315000,0.0,0.8996512964367867,0.009051421,0.059797283,0.059797283
1471.7537,3.0940747,1000.0,1471.7537,2,317,246.97108006477356,317000,0.0,0.9282253608107567,0.00880721,0.06309694,0.06309694
1471.9832,3.0591583,1000.0,1471.9832,2,319,248.5834448337555,319000,0.0,0.6578913927078247,0.008951407,0.063107625,0.063107625
1485.6128,3.024175,1000.0,1485.6128,2,321,250.21100091934204,321000,0.0,0.8267127871513367,0.009058659,0.06897,0.06897
1491.8633,2.989253,1000.0,1491.8633,2,323,251.78989100456238,323000,0.0,0.681207150220871,0.009044779,0.06164421,0.06164421
1498.5814,2.9543507,1000.0,1498.5814,2,325,253.43156909942627,325000,0.0,0.8741879761219025,0.008907547,0.065018035,0.065018035
1510.5121,2.9193885,1000.0,1510.5121,2,327,255.01576590538025,327000,0.0,0.8434116840362549,0.008981468,0.0644466,0.0644466
1522.2521,2.8845413,1000.0,1522.2521,2,329,256.60452008247375,329000,0.0,0.8854174539446831,0.008904199,0.061413646,0.061413646
1548.9998,2.8495488,1000.0,1548.9998,2,331,258.21787095069885,331000,0.0,0.8598088175058365,0.009141857,0.063910976,0.063910976
1556.5474,2.8148408,1000.0,1556.5474,2,333,259.83537197113037,333000,0.0,0.8572683334350586,0.008937148,0.059886724,0.059886724
1572.592,2.7799075,1000.0,1572.592,2,335,261.4198019504547,335000,0.0,0.9213082790374756,0.008982613,0.061905056,0.061905056
1587.1361,2.7449908,1000.0,1587.1361,2,337,263.0146050453186,337000,0.0,0.8440393507480621,0.008853273,0.062621176,0.062621176
1596.3037,2.710266,1000.0,1596.3037,2,339,264.59755420684814,339000,0.0,0.9101795628666878,0.008910755,0.059101082,0.059101082
1614.7532,2.6752377,1000.0,1614.7532,3,342,266.21074295043945,342000,0.0,0.9236789718270302,0.008904521,0.06013055,0.06013055
1603.5476,2.6403418,1000.0,1603.5476,2,344,267.787474155426,344000,0.0,0.9367235973477364,0.00898484,0.06222902,0.06222902
1607.4895,2.6053421,1000.0,1607.4895,2,346,269.4294078350067,346000,0.0,0.9420060515403748,0.009028825,0.06368301,0.06368301
1618.5178,2.5707173,1000.0,1618.5178,2,348,271.03219509124756,348000,0.0,0.9462148658931255,0.008824019,0.06702647,0.06702647
1632.9623,2.5357862,1000.0,1632.9623,2,350,272.6019060611725,350000,0.0,0.9185701981186867,0.008893993,0.0636439,0.0636439
1639.1442,2.5008602,1000.0,1639.1442,2,352,274.1794328689575,352000,0.0,0.958330512046814,0.00895482,0.06669769,0.06669769
1640.3572,2.4659011,1000.0,1640.3572,2,354,275.78644704818726,354000,0.0,0.8884685561060905,0.008892922,0.06376377,0.06376377
1651.4984,2.431335,1000.0,1651.4984,2,356,277.34934282302856,356000,0.0,0.9559433199465275,0.008964396,0.06433441,0.06433441
1670.6129,2.3963432,1000.0,1670.6129,2,358,278.90424275398254,358000,0.0,0.9122401252388954,0.008970723,0.061510406,0.061510406
1673.3766,2.361383,1000.0,1673.3766,2,360,280.46943712234497,360000,0.0,0.8492314219474792,0.008873537,0.06324094,0.06324094
1682.0934,2.3266058,1000.0,1682.0934,2,362,282.0386049747467,362000,0.0,0.8159401714801788,0.008781192,0.064609125,0.064609125
1687.6078,2.2920465,1000.0,1687.6078,2,364,283.5796010494232,364000,0.0,0.9089259058237076,0.00891714,0.061765373,0.061765373
1706.5176,2.2571158,1000.0,1706.5176,2,366,285.1518518924713,366000,0.0,0.9107188954949379,0.008966355,0.062739834,0.062739834
1704.1077,2.2221901,1000.0,1704.1077,2,368,286.7438819408417,368000,0.0,0.8101250678300858,0.0088876765,0.06159495,0.06159495
1702.9988,2.1876442,1000.0,1702.9988,2,370,288.3241820335388,370000,0.0,0.9091213792562485,0.0088761095,0.0630019,0.0630019
1709.4153,2.1527154,1000.0,1709.4153,2,372,289.91072702407837,372000,0.0,0.8309660851955414,0.009022306,0.06357697,0.06357697
1717.7405,2.1177964,1000.0,1717.7405,2,374,291.47732400894165,374000,0.0,0.914981946349144,0.008857726,0.06253135,0.06253135
1725.3704,2.0828784,1000.0,1725.3704,2,376,293.04138112068176,376000,0.0,0.9060835540294647,0.008912738,0.060096927,0.060096927
1741.2341,2.0479493,1000.0,1741.2341,2,378,294.625372171402,378000,0.0,0.9014294296503067,0.008824898,0.06815938,0.06815938
1721.3113,2.0129986,1000.0,1721.3113,2,380,296.23494601249695,380000,0.0,0.9515563063323498,0.008980423,0.06353723,0.06353723
1728.1394,1.9780346,1000.0,1728.1394,2,382,297.82363200187683,382000,0.0,0.8864459320902824,0.008899352,0.06488985,0.06488985
1771.776,1.9430541,1000.0,1771.776,3,385,299.42809319496155,385000,0.0,0.9251375868916512,0.008973034,0.06496922,0.06496922
1792.2266,1.9081051,1000.0,1792.2266,2,387,301.01017212867737,387000,0.0,0.9038581252098083,0.008984499,0.06397026,0.06397026
1799.2233,1.8731914,1000.0,1799.2233,2,389,302.58237314224243,389000,0.0,0.8488821983337402,0.009025494,0.068351924,0.068351924
1810.4742,1.8386247,1000.0,1810.4742,2,391,304.1442048549652,391000,0.0,0.8333230465650558,0.009001518,0.060303167,0.060303167
1799.7881,1.80365,1000.0,1799.7881,2,393,305.74298000335693,393000,0.0,0.9100102856755257,0.008908508,0.06263904,0.06263904
1811.2623,1.7690123,1000.0,1811.2623,2,395,307.29513597488403,395000,0.0,0.7942116558551788,0.008959179,0.058672212,0.058672212
1821.1725,1.7341008,1000.0,1821.1725,2,397,308.8660969734192,397000,0.0,0.9312228932976723,0.008858096,0.0631942,0.0631942
1835.5328,1.6991572,1000.0,1835.5328,2,399,310.4477632045746,399000,0.0,0.9119003117084503,0.008951349,0.06727038,0.06727038
1852.8383,1.6641867,1000.0,1852.8383,2,401,312.0206608772278,401000,0.0,0.9376447945833206,0.008922653,0.06328368,0.06328368
1867.066,1.6292418,1000.0,1867.066,2,403,313.61946415901184,403000,0.0,0.885365217924118,0.008943345,0.06401022,0.06401022
1847.6135,1.5943226,1000.0,1847.6135,2,405,315.1780779361725,405000,0.0,0.9560518302023411,0.008850388,0.06402938,0.06402938
1855.3425,1.5593548,1000.0,1855.3425,2,407,316.7774739265442,407000,0.0,0.8723976612091064,0.00888175,0.062983945,0.062983945
1855.2172,1.5243841,1000.0,1855.2172,2,409,318.364727973938,409000,0.0,0.9095284938812256,0.008870766,0.05742466,0.05742466
1872.7985,1.4894937,1000.0,1872.7985,2,411,319.95233702659607,411000,0.0,0.9193821474909782,0.00890709,0.057634957,0.057634957
1885.8002,1.4545696,1000.0,1885.8002,2,413,321.5014569759369,413000,0.0,0.9521302171051502,0.008983249,0.057997853,0.057997853
1888.9489,1.4196479,1000.0,1888.9489,2,415,323.06046986579895,415000,0.0,0.886750802397728,0.008906895,0.062514424,0.062514424
1890.657,1.3846825,1000.0,1890.657,2,417,324.6451470851898,417000,0.0,0.8191555440425873,0.009003108,0.059683025,0.059683025
1906.6106,1.3499779,1000.0,1906.6106,2,419,326.2618930339813,419000,0.0,0.9464276768267155,0.008856113,0.0697632,0.0697632
1937.4988,1.3150117,1000.0,1937.4988,2,421,327.84055399894714,421000,0.0,0.9299307018518448,0.0089697335,0.061451793,0.061451793
1945.9407,1.2800897,1000.0,1945.9407,2,423,329.3912250995636,423000,0.0,0.9175896868109703,0.008971509,0.06577158,0.06577158
1909.0582,1.2451446,1000.0,1909.0582,2,425,330.9791760444641,425000,0.0,0.7819515764713287,0.009042231,0.06614798,0.06614798
1905.2516,1.2102253,1000.0,1905.2516,3,428,332.5407540798187,428000,0.0,0.9213595390319824,0.008902971,0.06707248,0.06707248
1905.627,1.1753209,1000.0,1905.627,2,430,334.1296968460083,430000,0.0,0.8837211951613426,0.008974081,0.058185533,0.058185533
1909.9753,1.1407651,1000.0,1909.9753,2,432,335.7507770061493,432000,0.0,0.8409474790096283,0.008897888,0.05942374,0.05942374
1903.7449,1.1062187,1000.0,1903.7449,2,434,337.33007884025574,434000,0.0,0.9601721502840519,0.009062824,0.06285185,0.06285185
1919.198,1.0712621,1000.0,1919.198,2,436,338.88768196105957,436000,0.0,0.9049558639526367,0.008947632,0.067294426,0.067294426
1921.555,1.0365942,1000.0,1921.555,2,438,340.45020294189453,438000,0.0,0.9301409795880318,0.008807354,0.065372296,0.065372296
1922.248,1.0019045,1000.0,1922.248,2,440,342.09245681762695,440000,0.0,0.9421768523752689,0.008840366,0.06067074,0.06067074
1924.0144,0.96720785,1000.0,1924.0144,2,442,343.65290904045105,442000,0.0,0.9185905084013939,0.008897005,0.060882192,0.060882192
1934.1055,0.93225425,1000.0,1934.1055,2,444,345.2336359024048,444000,0.0,0.974604144692421,0.008948821,0.06913757,0.06913757
1967.9987,0.89727676,1000.0,1967.9987,2,446,346.8012499809265,446000,0.0,0.9521407447755337,0.008829506,0.0595893,0.0595893
1992.1414,0.86230886,1000.0,1992.1414,2,448,348.35626888275146,448000,0.0,0.9293661639094353,0.009058328,0.060075115,0.060075115
1997.8112,0.8274188,1000.0,1997.8112,2,450,349.93376088142395,450000,0.0,0.9376735500991344,0.008874263,0.060847957,0.060847957
2000.6051,0.792464,1000.0,2000.6051,2,452,351.479532957077,452000,0.0,0.9547396339476109,0.008974429,0.06375438,0.06375438
2013.9154,0.75754255,1000.0,2013.9154,2,454,353.07859897613525,454000,0.0,0.9514813274145126,0.008921731,0.06346973,0.06346973
2003.5746,0.7226257,1000.0,2003.5746,2,456,354.6477417945862,456000,0.0,0.9426963776350021,0.009007069,0.07415292,0.07415292
2013.242,0.6877029,1000.0,2013.242,2,458,356.2505919933319,458000,0.0,0.8489398211240768,0.008975672,0.057476483,0.057476483
2016.1145,0.65274197,1000.0,2016.1145,2,460,357.8375849723816,460000,0.0,0.8300626426935196,0.008829568,0.058169015,0.058169015
2018.7523,0.6177731,1000.0,2018.7523,2,462,359.43245792388916,462000,0.0,0.8824088498950005,0.008900044,0.0577089,0.0577089
2027.0208,0.58285517,1000.0,2027.0208,2,464,360.98032093048096,464000,0.0,0.8523250967264175,0.008997234,0.06334284,0.06334284
2108.0466,0.547906,1000.0,2108.0466,2,466,362.55354595184326,466000,0.0,0.9320003688335419,0.008995465,0.06467889,0.06467889
2109.3616,0.51294905,1000.0,2109.3616,2,468,364.1299018859863,468000,0.0,0.9276084750890732,0.0088558635,0.05788423,0.05788423
2091.359,0.47799695,1000.0,2091.359,3,471,365.6952188014984,471000,0.0,0.9641672819852829,0.008959547,0.059617333,0.059617333
2135.9841,0.44303936,1000.0,2135.9841,2,473,367.24140882492065,473000,0.0,0.9295773804187775,0.008944375,0.06218655,0.06218655
2144.341,0.40811744,1000.0,2144.341,2,475,368.81066489219666,475000,0.0,0.9620333276689053,0.00895836,0.058894064,0.058894064
2151.2373,0.37315926,1000.0,2151.2373,2,477,370.3847029209137,477000,0.0,0.906836748123169,0.009019187,0.05890616,0.05890616
2151.3716,0.3382041,1000.0,2151.3716,2,479,371.9435338973999,479000,0.0,0.8293170481920242,0.00895578,0.058347706,0.058347706
2157.043,0.3032455,1000.0,2157.043,2,481,373.49899315834045,481000,0.0,0.9007636681199074,0.008889727,0.06165179,0.06165179
2166.9734,0.2682877,1000.0,2166.9734,2,483,375.05029010772705,483000,0.0,0.9256284758448601,0.009043133,0.060170196,0.060170196
2167.233,0.23370746,1000.0,2167.233,2,485,376.5972158908844,485000,0.0,0.8969116285443306,0.008971572,0.05731909,0.05731909
2176.6963,0.19876592,1000.0,2176.6963,2,487,378.17168402671814,487000,0.0,0.9480348490178585,0.00895199,0.0647513,0.0647513
2160.171,0.1641579,1000.0,2160.171,2,489,379.7512218952179,489000,0.0,0.9439052194356918,0.008887515,0.064148754,0.064148754
2162.4517,0.1296292,1000.0,2162.4517,2,491,381.2880539894104,491000,0.0,0.8435676097869873,0.0087999655,0.070556104,0.070556104
2165.5293,0.09467829,1000.0,2165.5293,2,493,382.9175190925598,493000,0.0,0.9352830052375793,0.008887424,0.06236645,0.06236645
2165.4067,0.05971807,1000.0,2165.4067,2,495,384.46495509147644,495000,0.0,0.9267676547169685,0.0089960415,0.06516801,0.06516801
2192.883,0.02477089,1000.0,2192.883,2,497,386.0298800468445,497000,0.0,0.8203488290309906,0.008908976,0.059371553,0.059371553
2205.3523,-0.010146711,1000.0,2205.3523,2,499,387.5996961593628,499000,0.0,0.9183553531765938,0.008841533,0.06292204,0.06292204
2178.769,-0.044679955,1000.0,2178.769,2,501,389.1592209339142,501000,0.0,0.9748144689947367,0.008927402,0.059596665,0.059596665
2177.1553,-0.07963106,1000.0,2177.1553,2,503,390.7207000255585,503000,0.0,0.9530545882880688,0.009134658,0.058982454,0.058982454
2156.9126,-0.114165746,1000.0,2156.9126,2,505,392.30047392845154,505000,0.0,0.9711280837655067,0.008847102,0.056271218,0.056271218
2166.3103,-0.14908229,1000.0,2166.3103,2,507,393.88827419281006,507000,0.0,0.9130668267607689,0.00904703,0.0664247,0.0664247
2173.9915,-0.18403527,1000.0,2173.9915,2,509,395.48198103904724,509000,0.0,0.882250688970089,0.008954031,0.056261133,0.056261133
2219.419,-0.21895573,1000.0,2219.419,3,512,397.068078994751,512000,0.0,0.940306942909956,0.008958597,0.059447993,0.059447993
2223.9753,-0.25387204,1000.0,2223.9753,2,514,398.64078879356384,514000,0.0,0.9033472165465355,0.00910306,0.06036111,0.06036111
2237.5981,-0.28881815,1000.0,2237.5981,2,516,400.1925759315491,516000,0.0,0.9523220993578434,0.009035014,0.063571766,0.063571766
2254.813,-0.3233615,1000.0,2254.813,2,518,401.7696099281311,518000,0.0,0.9521405473351479,0.009052629,0.061799336,0.061799336
2195.005,-0.35804743,1000.0,2195.005,2,520,403.40955781936646,520000,0.0,0.9465992823243141,0.008956226,0.05847678,0.05847678
2202.7583,-0.3929959,1000.0,2202.7583,2,522,405.02532291412354,522000,0.0,0.8280090540647507,0.008927279,0.06126991,0.06126991
2207.02,-0.42793217,1000.0,2207.02,2,524,406.58276081085205,524000,0.0,0.8595626801252365,0.00899454,0.05761497,0.05761497
2168.1492,-0.46288133,1000.0,2168.1492,2,526,408.17061495780945,526000,0.0,0.9696324057877064,0.008989528,0.06021652,0.06021652
2130.5942,-0.4974228,1000.0,2130.5942,2,528,409.77164793014526,528000,0.0,0.9645917229354382,0.008807263,0.059066616,0.059066616
2123.467,-0.5323657,1000.0,2123.467,2,530,411.35178303718567,530000,0.0,0.9696341883391142,0.008869276,0.067478225,0.067478225
2127.5625,-0.56731546,1000.0,2127.5625,2,532,412.9194509983063,532000,0.0,0.8424861431121826,0.008829933,0.06553244,0.06553244
2144.4165,-0.60203433,1000.0,2144.4165,2,534,414.5102159976959,534000,0.0,0.9568667151033878,0.008971546,0.059962925,0.059962925
2154.573,-0.6369923,1000.0,2154.573,2,536,416.09712982177734,536000,0.0,0.9437270052731037,0.00892433,0.06431965,0.06431965
2166.0808,-0.6719403,1000.0,2166.0808,2,538,417.69973587989807,538000,0.0,0.9613722935318947,0.009106721,0.06180626,0.06180626
2211.6501,-0.70651233,1000.0,2211.6501,2,540,419.25749492645264,540000,0.0,0.945084135979414,0.00896752,0.06360803,0.06360803
2214.692,-0.741435,1000.0,2214.692,2,542,420.8160591125488,542000,0.0,0.93205676227808,0.009063912,0.05513125,0.05513125
2203.8364,-0.776348,1000.0,2203.8364,2,544,422.4069149494171,544000,0.0,0.9789597205817699,0.008895531,0.06247049,0.06247049
2239.043,-0.8110353,1000.0,2239.043,2,546,423.9847390651703,546000,0.0,0.935949370265007,0.009067106,0.06632821,0.06632821
2242.211,-0.8459894,1000.0,2242.211,2,548,425.5697419643402,548000,0.0,0.9517904072999954,0.008953512,0.061957344,0.061957344
2257.1548,-0.88049287,1000.0,2257.1548,2,550,427.1994171142578,550000,0.0,0.9455298408865929,0.009133365,0.056699157,0.056699157
2250.892,-0.91543585,1000.0,2250.892,2,552,428.7911479473114,552000,0.0,0.9604079201817513,0.009024222,0.060485188,0.060485188
2204.1282,-0.9499857,1000.0,2204.1282,3,555,430.36544394493103,555000,0.0,0.8601198792457581,0.008927329,0.05863434,0.05863434
2207.4944,-0.9849275,1000.0,2207.4944,2,557,431.98431301116943,557000,0.0,0.9542630091309547,0.009002885,0.060227443,0.060227443
2237.5845,-1.0198485,1000.0,2237.5845,2,559,433.6154520511627,559000,0.0,0.954719539731741,0.008937973,0.057647273,0.057647273
2279.948,-1.0543984,1000.0,2279.948,2,561,435.2080900669098,561000,0.0,0.9047683700919151,0.0089200195,0.05558429,0.05558429
2285.5647,-1.0893143,1000.0,2285.5647,2,563,436.83131313323975,563000,0.0,0.89177206158638,0.008925676,0.054613672,0.054613672
2328.3247,-1.1242675,1000.0,2328.3247,2,565,438.4189610481262,565000,0.0,0.9420766867697239,0.008927112,0.059383906,0.059383906
2343.5513,-1.1591823,1000.0,2343.5513,2,567,440.0148358345032,567000,0.0,0.9529754146933556,0.008944602,0.06319124,0.06319124
2388.0645,-1.1937281,1000.0,2388.0645,2,569,441.6000061035156,569000,0.0,0.9479547217488289,0.008861672,0.059950978,0.059950978
2434.6914,-1.2283332,1000.0,2434.6914,2,571,443.1762900352478,571000,0.0,0.9489674419164658,0.008970188,0.0547619,0.0547619
2442.589,-1.2632936,1000.0,2442.589,2,573,444.7423679828644,573000,0.0,0.9327985569834709,0.008978303,0.057795346,0.057795346
2443.3513,-1.2978239,1000.0,2443.3513,2,575,446.30890417099,575000,0.0,0.9310030490159988,0.008988887,0.05695562,0.05695562
2438.9321,-1.332775,1000.0,2438.9321,2,577,447.8783059120178,577000,0.0,0.9528076238930225,0.0089346515,0.060302544,0.060302544
2430.7886,-1.3673201,1000.0,2430.7886,2,579,449.47521710395813,579000,0.0,0.848545178771019,0.008971497,0.0533181,0.0533181
2442.7732,-1.4022801,1000.0,2442.7732,2,581,451.10170006752014,581000,0.0,0.9240174740552902,0.009018573,0.06028296,0.06028296
2475.398,-1.4368696,1000.0,2475.398,2,583,452.74322986602783,583000,0.0,0.9178698882460594,0.008874552,0.059130117,0.059130117
2482.6536,-1.4718245,1000.0,2482.6536,2,585,454.3383369445801,585000,0.0,0.9357641339302063,0.008953166,0.060515173,0.060515173
2482.5183,-1.5064397,1000.0,2482.5183,2,587,455.93274903297424,587000,0.0,0.8685198873281479,0.008949235,0.054670528,0.054670528
2484.5986,-1.5409758,1000.0,2484.5986,2,589,457.52124094963074,589000,0.0,0.9293304607272148,0.008968507,0.06296506,0.06296506
2498.566,-1.5758669,1000.0,2498.566,2,591,459.10665488243103,591000,0.0,0.9529369287192822,0.008979112,0.05909135,0.05909135
2546.0984,-1.6108074,1000.0,2546.0984,2,593,460.6550409793854,593000,0.0,0.9523667395114899,0.008934913,0.059653867,0.059653867
2550.479,-1.6457595,1000.0,2550.479,2,595,462.2164509296417,595000,0.0,0.9471347406506538,0.008943073,0.056796387,0.056796387
2555.1555,-1.680702,1000.0,2555.1555,3,598,463.77343797683716,598000,0.0,0.9652373939752579,0.008957914,0.06572308,0.06572308
2508.275,-1.7156138,1000.0,2508.275,2,600,465.37669801712036,600000,0.0,0.9610496796667576,0.00895831,0.0626991,0.0626991
2520.4834,-1.7505579,1000.0,2520.4834,2,602,466.9301218986511,602000,0.0,0.9317921623587608,0.008881714,0.05887238,0.05887238
2538.4,-1.7854999,1000.0,2538.4,2,604,468.5194230079651,604000,0.0,0.9543228447437286,0.009089255,0.058609586,0.058609586
2541.9138,-1.8204123,1000.0,2541.9138,2,606,470.1117980480194,606000,0.0,0.9050293266773224,0.008906924,0.05786389,0.05786389
2540.4321,-1.8549516,1000.0,2540.4321,2,608,471.6617388725281,608000,0.0,0.8889913856983185,0.009049473,0.054975204,0.054975204
2548.332,-1.8894963,1000.0,2548.332,2,610,473.23508286476135,610000,0.0,0.9497391134500504,0.0088971825,0.057975456,0.057975456
2556.1543,-1.9244078,1000.0,2556.1543,2,612,474.810259103775,612000,0.0,0.9473930560052395,0.009051014,0.061834082,0.061834082
2565.9812,-1.9593216,1000.0,2565.9812,2,614,476.3882610797882,614000,0.0,0.9498088620603085,0.008985292,0.058395684,0.058395684
2573.4663,-1.9938968,1000.0,2573.4663,2,616,477.97086000442505,616000,0.0,0.9463328458368778,0.008920236,0.05503977,0.05503977
2587.9524,-2.0285716,1000.0,2587.9524,2,618,479.5741159915924,618000,0.0,0.9734204821288586,0.008885782,0.05729337,0.05729337
2588.3452,-2.0632932,1000.0,2588.3452,2,620,481.1650469303131,620000,0.0,0.9575485475361347,0.008898379,0.05963628,0.05963628
2595.7058,-2.0982392,1000.0,2595.7058,2,622,482.74125504493713,622000,0.0,0.9005674943327904,0.0088379625,0.056708112,0.056708112
2594.3665,-2.1329887,1000.0,2594.3665,2,624,484.28759002685547,624000,0.0,0.960780706256628,0.0071423315,0.05105169,0.05105169
2595.9082,-2.167947,1000.0,2595.9082,2,626,485.8716850280762,626000,0.0,0.9132935851812363,0.009017421,0.05214324,0.05214324
2595.1377,-2.2024796,1000.0,2595.1377,2,628,487.454647064209,628000,0.0,0.9390227422118187,0.008908398,0.058103457,0.058103457
2600.7563,-2.2370384,1000.0,2600.7563,2,630,489.05989599227905,630000,0.0,0.9432324469089508,0.008907052,0.06247603,0.06247603
2600.8828,-2.2717302,1000.0,2600.8828,2,632,490.6788959503174,632000,0.0,0.9447536543011665,0.009019117,0.060859393,0.060859393
2610.2183,-2.3066754,1000.0,2610.2183,2,634,492.27183198928833,634000,0.0,0.9590534269809723,0.009102916,0.061477505,0.061477505
2611.743,-2.3412113,1000.0,2611.743,2,636,493.83623909950256,636000,0.0,0.9548646956682205,0.008958274,0.058531635,0.058531635
2612.256,-2.3759139,1000.0,2612.256,2,638,495.4373548030853,638000,0.0,0.9666191041469574,0.008952806,0.06327337,0.06327337
2668.9492,-2.4108648,1000.0,2668.9492,3,641,497.0209918022156,641000,0.0,0.919573076069355,0.009077534,0.059368648,0.059368648
2674.4426,-2.4454155,1000.0,2674.4426,2,643,498.5762379169464,643000,0.0,0.9609585292637348,0.008938745,0.05944412,0.05944412
2641.6438,-2.4803655,1000.0,2641.6438,2,645,500.1995029449463,645000,0.0,0.9426218122243881,0.009023173,0.061191455,0.061191455
2645.8486,-2.5148938,1000.0,2645.8486,2,647,501.7851228713989,647000,0.0,0.8445213437080383,0.009068757,0.054083377,0.054083377
2591.439,-2.5498226,1000.0,2591.439,2,649,503.34291911125183,649000,0.0,0.9760998450219631,0.008489318,0.0618419,0.0618419
2591.154,-2.5843565,1000.0,2591.154,2,651,504.88601994514465,651000,0.0,0.9423296675086021,0.008970194,0.0602169,0.0602169
2598.0437,-2.619306,1000.0,2598.0437,2,653,506.4357228279114,653000,0.0,0.9400213323533535,0.008966168,0.063477635,0.063477635
2598.847,-2.6542532,1000.0,2598.847,2,655,508.03151392936707,655000,0.0,0.9553637616336346,0.00903354,0.056405373,0.056405373
2600.684,-2.6892076,1000.0,2600.684,2,657,509.5924279689789,657000,0.0,0.9461672119796276,0.008839598,0.060544655,0.060544655
2598.7524,-2.7239377,1000.0,2598.7524,2,659,511.161495923996,659000,0.0,0.894583061337471,0.00887041,0.052902933,0.052902933
2600.246,-2.758528,1000.0,2600.246,2,661,512.7444219589233,661000,0.0,0.9253642186522484,0.009038004,0.057204977,0.057204977
2607.9763,-2.7934735,1000.0,2607.9763,2,663,514.3490169048309,663000,0.0,0.9353093281388283,0.00891468,0.06968102,0.06968102
2619.001,-2.8283894,1000.0,2619.001,2,665,515.9334759712219,665000,0.0,0.9151557683944702,0.008929638,0.05487224,0.05487224
2585.353,-2.8632982,1000.0,2585.353,2,667,517.5531840324402,667000,0.0,0.9616809673607349,0.008947978,0.05658822,0.05658822
2599.9592,-2.8982503,1000.0,2599.9592,2,669,519.1218268871307,669000,0.0,0.9280398562550545,0.0088774925,0.06226062,0.06226062
2568.4287,-2.9329028,1000.0,2568.4287,2,671,520.6792118549347,671000,0.0,0.960706327110529,0.009014502,0.0606197,0.0606197
2568.1965,-2.9678395,1000.0,2568.1965,2,673,522.2549040317535,673000,0.0,0.8979772627353668,0.008929508,0.05996737,0.05996737
2580.1882,-3.0027921,1000.0,2580.1882,2,675,523.8168518543243,675000,0.0,0.948106836527586,0.008998398,0.06181188,0.06181188
2595.3193,-3.0373335,1000.0,2595.3193,2,677,525.3732149600983,677000,0.0,0.9596260972321033,0.00912508,0.055566102,0.055566102
2603.859,-3.0722806,1000.0,2603.859,2,679,526.9508259296417,679000,0.0,0.9486224837601185,0.009100992,0.056272075,0.056272075
2613.7942,-3.1068127,1000.0,2613.7942,2,681,528.5434699058533,681000,0.0,0.9096853211522102,0.0089076515,0.055436783,0.055436783
2619.3445,-3.141724,1000.0,2619.3445,3,684,530.1242568492889,684000,0.0,0.9044007435441017,0.009005256,0.057816427,0.057816427
2662.8767,-3.176376,1000.0,2662.8767,2,686,531.7166540622711,686000,0.0,0.9277477562427521,0.009007433,0.060486097,0.060486097
2725.6785,-3.2113085,1000.0,2725.6785,2,688,533.2793419361115,688000,0.0,0.9561724811792374,0.009118693,0.05798842,0.05798842
2734.0503,-3.2458487,1000.0,2734.0503,2,690,534.952125787735,690000,0.0,0.9211699664592743,0.008992364,0.06106648,0.06106648
2733.561,-3.2803965,1000.0,2733.561,2,692,536.5718779563904,692000,0.0,0.9075605943799019,0.008963818,0.055147853,0.055147853
2734.6406,-3.3150623,1000.0,2734.6406,2,694,538.1620299816132,694000,0.0,0.952435951679945,0.009026811,0.08811316,0.08811316
2741.2437,-3.349797,1000.0,2741.2437,2,696,539.6990351676941,696000,0.0,0.9655824564397335,0.0071938396,0.052030038,0.052030038
2726.3958,-3.384705,1000.0,2726.3958,2,698,541.2744500637054,698000,0.0,0.962797537446022,0.00905211,0.056761477,0.056761477
2729.7317,-3.4192638,1000.0,2729.7317,2,700,542.8593220710754,700000,0.0,0.9164576753973961,0.009018344,0.057697337,0.057697337
2736.7524,-3.45422,1000.0,2736.7524,2,702,544.420018196106,702000,0.0,0.8872618451714516,0.008912776,0.050473653,0.050473653
2735.541,-3.48918,1000.0,2735.541,2,704,546.0414278507233,704000,0.0,0.9332489296793938,0.009026288,0.056129314,0.056129314
2735.7034,-3.5236988,1000.0,2735.7034,2,706,547.6199641227722,706000,0.0,0.9399766437709332,0.008872752,0.05293982,0.05293982
2779.6802,-3.5582411,1000.0,2779.6802,2,708,549.2197859287262,708000,0.0,0.9594165869057178,0.008895891,0.06252307,0.06252307
2783.8022,-3.5931995,1000.0,2783.8022,2,710,550.8189401626587,710000,0.0,0.9159649536013603,0.009053461,0.05558363,0.05558363
2829.393,-3.6278086,1000.0,2829.393,2,712,552.3491020202637,712000,0.0,0.958978921175003,0.008604449,0.054400474,0.054400474
2787.7593,-3.6623988,1000.0,2787.7593,2,714,553.9156880378723,714000,0.0,0.9796171132475138,0.008899291,0.06994513,0.06994513
2788.888,-3.6973228,1000.0,2788.888,2,716,555.4816269874573,716000,0.0,0.9378854781389236,0.008902432,0.05549542,0.05549542
2791.0386,-3.732239,1000.0,2791.0386,2,718,557.0431458950043,718000,0.0,0.9346278682351112,0.008939968,0.060670577,0.060670577
2792.2236,-3.7671967,1000.0,2792.2236,2,720,558.659646987915,720000,0.0,0.9526547156274319,0.009021264,0.053214364,0.053214364
2782.3198,-3.8018157,1000.0,2782.3198,2,722,560.1961970329285,722000,0.0,0.9267167821526527,0.00774319,0.05104915,0.05104915
2786.8044,-3.8367467,1000.0,2786.8044,2,724,561.7539901733398,724000,0.0,0.958995696157217,0.00897063,0.059798513,0.059798513
2801.9937,-3.8712926,1000.0,2801.9937,3,727,563.3036720752716,727000,0.0,0.9602966271340847,0.008916293,0.0656827,0.0656827
2793.893,-3.906249,1000.0,2793.893,2,729,564.9109079837799,729000,0.0,0.7055339813232422,0.008912277,0.04969194,0.04969194
2801.5403,-3.9408107,1000.0,2801.5403,2,731,566.469398021698,731000,0.0,0.9344124421477318,0.008905899,0.05825418,0.05825418
2794.6704,-3.9754171,1000.0,2794.6704,2,733,568.023334980011,733000,0.0,0.9401858188211918,0.008891857,0.059075564,0.059075564
2792.0125,-4.010314,1000.0,2792.0125,2,735,569.6088280677795,735000,0.0,0.9640599898993969,0.0090862615,0.059928566,0.059928566
2822.0815,-4.045274,1000.0,2822.0815,2,737,571.172523021698,737000,0.0,0.9053208529949188,0.008985582,0.056802936,0.056802936
2821.2837,-4.0798216,1000.0,2821.2837,2,739,572.7459800243378,739000,0.0,0.9539766982197762,0.008959375,0.05524246,0.05524246
2832.0261,-4.114376,1000.0,2832.0261,2,741,574.3199179172516,741000,0.0,0.9473288729786873,0.009012964,0.06331892,0.06331892
2775.5098,-4.149292,1000.0,2775.5098,2,743,575.8788940906525,743000,0.0,0.9603252336382866,0.008326154,0.057887148,0.057887148
2775.66,-4.1840277,1000.0,2775.66,2,745,577.4058909416199,745000,0.0,0.951366476714611,0.0073379874,0.056230918,0.056230918
2781.3794,-4.2189364,1000.0,2781.3794,2,747,578.9584181308746,747000,0.0,0.9657672047615051,0.008989479,0.05990117,0.05990117
2767.6665,-4.2534943,1000.0,2767.6665,2,749,580.5368330478668,749000,0.0,0.9614254757761955,0.008913285,0.05380552,0.05380552
2772.841,-4.288083,1000.0,2772.841,2,751,582.1734278202057,751000,0.0,0.9309256672859192,0.008713829,0.065676466,0.065676466
2811.9126,-4.322685,1000.0,2811.9126,2,753,583.6927709579468,753000,0.0,0.8607826232910156,0.0068347766,0.043188456,0.043188456
2809.121,-4.357244,1000.0,2809.121,2,755,585.2479689121246,755000,0.0,0.9594240225851536,0.00901412,0.055426028,0.055426028
2805.1472,-4.391846,1000.0,2805.1472,2,757,586.7849979400635,757000,0.0,0.9410662613809109,0.0075229537,0.05525177,0.05525177
2811.1567,-4.4268,1000.0,2811.1567,2,759,588.34472489357,759000,0.0,0.9542747549712658,0.008963833,0.056452528,0.056452528
2813.6348,-4.4617405,1000.0,2813.6348,2,761,589.9336769580841,761000,0.0,0.9567325785756111,0.008950918,0.05724943,0.05724943
2819.5933,-4.496339,1000.0,2819.5933,2,763,591.4661109447479,763000,0.0,0.9643440842628479,0.007658935,0.057622198,0.057622198
2820.657,-4.5309343,1000.0,2820.657,2,765,593.0475220680237,765000,0.0,0.9485743790864944,0.008891253,0.057489723,0.057489723
2814.4368,-4.5658092,1000.0,2814.4368,3,768,594.5947329998016,768000,0.0,0.9416291601955891,0.00802825,0.055390783,0.055390783
2812.6836,-4.600718,1000.0,2812.6836,2,770,596.1823608875275,770000,0.0,0.894910529255867,0.009007953,0.05517552,0.05517552
2823.9272,-4.6356597,1000.0,2823.9272,2,772,597.7393131256104,772000,0.0,0.9460708498954773,0.0090734735,0.06283674,0.06283674
2811.4805,-4.6702757,1000.0,2811.4805,2,774,599.2984328269958,774000,0.0,0.94670794531703,0.007795535,0.055245124,0.055245124
2813.08,-4.705213,1000.0,2813.08,2,776,600.8534009456635,776000,0.0,0.9236588701605797,0.008906553,0.05466406,0.05466406
2814.7817,-4.7401614,1000.0,2814.7817,2,778,602.4462659358978,778000,0.0,0.9652288295328617,0.008990098,0.061007075,0.061007075
2818.5796,-4.7751074,1000.0,2818.5796,2,780,604.0283958911896,780000,0.0,0.9520722851157188,0.008958634,0.06081169,0.06081169
2826.1646,-4.810049,1000.0,2826.1646,2,782,605.6214189529419,782000,0.0,0.9542034417390823,0.00906848,0.05996164,0.05996164
2843.2246,-4.844983,1000.0,2843.2246,2,784,607.2388279438019,784000,0.0,0.971386419609189,0.008951116,0.05188781,0.05188781
2843.7153,-4.87952,1000.0,2843.7153,2,786,608.8162679672241,786000,0.0,0.937280684709549,0.008919787,0.06467396,0.06467396
2843.567,-4.9141836,1000.0,2843.567,2,788,610.4074239730835,788000,0.0,0.9636982642114162,0.008976379,0.06176867,0.06176867
2860.951,-4.9487405,1000.0,2860.951,2,790,611.9914619922638,790000,0.0,0.9213577806949615,0.008950939,0.059091628,0.059091628
2857.1445,-4.983361,1000.0,2857.1445,2,792,613.5556588172913,792000,0.0,0.8690154403448105,0.009295091,0.050729007,0.050729007
2858.8071,-5.0183005,1000.0,2858.8071,2,794,615.0830371379852,794000,0.0,0.9534323066473007,0.008461157,0.05826226,0.05826226
2863.4116,-5.052866,1000.0,2863.4116,2,796,616.6443271636963,796000,0.0,0.9546769969165325,0.008966636,0.06070209,0.06070209
2857.0776,-5.0877805,1000.0,2857.0776,2,798,618.2085599899292,798000,0.0,0.9527533799409866,0.008908782,0.058107734,0.058107734
2854.8892,-5.1226797,1000.0,2854.8892,2,800,619.8021080493927,800000,0.0,0.9476139135658741,0.009037697,0.05626958,0.05626958
2853.2925,-5.157238,1000.0,2853.2925,2,802,621.410364151001,802000,0.0,0.9774201158434153,0.008972162,0.055763483,0.055763483
2856.187,-5.1921825,1000.0,2856.187,2,804,622.9618890285492,804000,0.0,0.9621232338249683,0.008947469,0.059985537,0.059985537
2856.8965,-5.226722,1000.0,2856.8965,2,806,624.5382590293884,806000,0.0,0.960371557623148,0.008911183,0.056433156,0.056433156
2864.6216,-5.261343,1000.0,2864.6216,2,808,626.1307990550995,808000,0.0,0.9152313247323036,0.008952387,0.057487097,0.057487097
2862.5847,-5.2958994,1000.0,2862.5847,3,811,627.6849009990692,811000,0.0,0.7527458369731903,0.008976848,0.054046955,0.054046955
2866.4563,-5.330822,1000.0,2866.4563,2,813,629.2728779315948,813000,0.0,0.7894802391529083,0.009077447,0.05446717,0.05446717
2862.7468,-5.365766,1000.0,2862.7468,2,815,630.8185629844666,815000,0.0,0.9522249549627304,0.00901534,0.05494255,0.05494255
2859.784,-5.4007144,1000.0,2859.784,2,817,632.3870010375977,817000,0.0,0.8144975155591965,0.009111134,0.055978693,0.055978693
2864.7249,-5.4352584,1000.0,2864.7249,2,819,633.9499189853668,819000,0.0,0.9598632305860519,0.00891476,0.058923304,0.058923304
2868.8008,-5.4702144,1000.0,2868.8008,2,821,635.5504229068756,821000,0.0,0.9326530322432518,0.008894847,0.05477523,0.05477523
2894.5425,-5.5051165,1000.0,2894.5425,2,823,637.0829169750214,823000,0.0,0.8841599449515343,0.007745478,0.053319175,0.053319175
2904.1177,-5.540048,1000.0,2904.1177,2,825,638.6316709518433,825000,0.0,0.9214480221271515,0.0089297695,0.07388979,0.07388979
2901.3296,-5.5749598,1000.0,2901.3296,2,827,640.1913499832153,827000,0.0,0.9565600380301476,0.00900051,0.056754045,0.056754045
2877.6719,-5.6095076,1000.0,2877.6719,2,829,641.777960062027,829000,0.0,0.9531166665256023,0.009122608,0.059192456,0.059192456
2878.8489,-5.6444063,1000.0,2878.8489,2,831,643.3160529136658,831000,0.0,0.9269991666078568,0.006857545,0.053801112,0.053801112
2885.8208,-5.679034,1000.0,2885.8208,2,833,644.8853018283844,833000,0.0,0.9485268890857697,0.008941134,0.06257334,0.06257334
2888.0806,-5.713909,1000.0,2888.0806,2,835,646.4236981868744,835000,0.0,0.9591033682227135,0.006441856,0.048084576,0.048084576
2879.2876,-5.748493,1000.0,2879.2876,2,837,648.0241930484772,837000,0.0,0.9566790647804737,0.008957982,0.060510624,0.060510624
2882.1824,-5.7834477,1000.0,2882.1824,2,839,649.6176419258118,839000,0.0,0.9565333016216755,0.008960227,0.057778712,0.057778712
2889.4617,-5.818075,1000.0,2889.4617,2,841,651.2294590473175,841000,0.0,0.9550141356885433,0.008938911,0.059811383,0.059811383
2888.1057,-5.853028,1000.0,2888.1057,2,843,652.8181159496307,843000,0.0,0.938680849969387,0.009008566,0.051472127,0.051472127
2887.851,-5.887948,1000.0,2887.851,2,845,654.4068908691406,845000,0.0,0.9545383080840111,0.009161845,0.059456505,0.059456505
2887.567,-5.922883,1000.0,2887.567,2,847,655.9694261550903,847000,0.0,0.9358560144901276,0.0089138895,0.055911805,0.055911805
2893.4497,-5.957804,1000.0,2893.4497,2,849,657.5288290977478,849000,0.0,0.9448578953742981,0.009150483,0.056933254,0.056933254
2895.8276,-5.992759,1000.0,2895.8276,2,851,659.0694098472595,851000,0.0,0.9182693585753441,0.008935651,0.054261394,0.054261394
2910.401,-6.0276794,1000.0,2910.401,3,854,660.6457209587097,854000,0.0,0.9674021676182747,0.008920719,0.05551986,0.05551986
2913.6294,-6.0626216,1000.0,2913.6294,2,856,662.19322681427,856000,0.0,0.9062891900539398,0.00890212,0.055432804,0.055432804
2922.1304,-6.0975647,1000.0,2922.1304,2,858,663.7407081127167,858000,0.0,0.932331271469593,0.009020844,0.05873373,0.05873373
2910.3994,-6.13209,1000.0,2910.3994,2,860,665.3315870761871,860000,0.0,0.842870756983757,0.008982012,0.053104594,0.053104594
2911.6323,-6.1666574,1000.0,2911.6323,2,862,666.9091730117798,862000,0.0,0.967162724584341,0.008998644,0.05964291,0.05964291
2912.5842,-6.2011814,1000.0,2912.5842,2,864,668.511766910553,864000,0.0,0.9502429738640785,0.009018704,0.054987557,0.054987557
2909.653,-6.2361155,1000.0,2909.653,2,866,670.0774590969086,866000,0.0,0.9631181694567204,0.008943911,0.053065494,0.053065494
2938.5793,-6.27066,1000.0,2938.5793,2,868,671.6594138145447,868000,0.0,0.9574629254639149,0.009035622,0.062261436,0.062261436
2942.0532,-6.3056273,1000.0,2942.0532,2,870,673.2022230625153,870000,0.0,0.9713991601020098,0.008868494,0.056966472,0.056966472
2939.061,-6.340201,1000.0,2939.061,2,872,674.797208070755,872000,0.0,0.9643957130610943,0.008953577,0.05399152,0.05399152
2946.8928,-6.3751216,1000.0,2946.8928,2,874,676.3424580097198,874000,0.0,0.9666483737528324,0.008933926,0.060399365,0.060399365
2959.9277,-6.4100437,1000.0,2959.9277,2,876,677.922721862793,876000,0.0,0.9606292247772217,0.008976957,0.0556447,0.0556447
2954.8088,-6.444667,1000.0,2954.8088,2,878,679.501503944397,878000,0.0,0.8994964510202408,0.009354467,0.055606265,0.055606265
2918.8235,-6.479577,1000.0,2918.8235,2,880,681.0621159076691,880000,0.0,0.9580807685852051,0.00897672,0.054154597,0.054154597
2924.2883,-6.514524,1000.0,2924.2883,2,882,682.6574628353119,882000,0.0,0.9445793814957142,0.009108532,0.062658824,0.062658824
2933.2737,-6.54907,1000.0,2933.2737,2,884,684.2120139598846,884000,0.0,0.9244511425495148,0.009243902,0.06316771,0.06316771
2924.8398,-6.583626,1000.0,2924.8398,2,886,685.7785649299622,886000,0.0,0.9141296222805977,0.009249739,0.055522848,0.055522848
2926.118,-6.618163,1000.0,2926.118,2,888,687.3340120315552,888000,0.0,0.9372434467077255,0.00897658,0.05554566,0.05554566
2930.9165,-6.652739,1000.0,2930.9165,2,890,688.8948650360107,890000,0.0,0.9419728666543961,0.008824138,0.055379286,0.055379286
2928.17,-6.6876516,1000.0,2928.17,2,892,690.4453620910645,892000,0.0,0.9463855624198914,0.009389671,0.056734808,0.056734808
2917.0771,-6.7223845,1000.0,2917.0771,2,894,692.0186641216278,894000,0.0,0.9356492310762405,0.009063561,0.05374472,0.05374472
2899.0483,-6.7569666,1000.0,2899.0483,3,897,693.5601749420166,897000,0.0,0.9586795121431351,0.006654729,0.04539664,0.04539664
2842.949,-6.7918987,1000.0,2842.949,2,899,695.1694090366364,899000,0.0,0.9660693630576134,0.009864446,0.0625294,0.0625294
2849.8862,-6.826869,1000.0,2849.8862,2,901,696.7353088855743,901000,0.0,0.9388289228081703,0.008955242,0.057043035,0.057043035
2836.725,-6.861459,1000.0,2836.725,2,903,698.2678439617157,903000,0.0,0.9539819844067097,0.008062478,0.051518112,0.051518112
2789.3862,-6.896391,1000.0,2789.3862,2,905,699.8462471961975,905000,0.0,0.9644323922693729,0.008983392,0.05824914,0.05824914
2795.3157,-6.930941,1000.0,2795.3157,2,907,701.4112401008606,907000,0.0,0.954033873975277,0.008919137,0.06309797,0.06309797
2700.4731,-6.9658227,1000.0,2700.4731,2,909,702.9825909137726,909000,0.0,0.9610777907073498,0.009864444,0.058916673,0.058916673
2697.026,-7.0003686,1000.0,2697.026,2,911,704.5502598285675,911000,0.0,0.8977489918470383,0.008902532,0.051325206,0.051325206
2694.7444,-7.0353065,1000.0,2694.7444,2,913,706.1255300045013,913000,0.0,0.9485954456031322,0.00892444,0.05201193,0.05201193
2704.8237,-7.069831,1000.0,2704.8237,2,915,707.7165050506592,915000,0.0,0.9267189875245094,0.009182898,0.061545677,0.061545677
2707.6978,-7.1044044,1000.0,2707.6978,2,917,709.2731020450592,917000,0.0,0.9276655241847038,0.006718293,0.048468333,0.048468333
2718.129,-7.1390123,1000.0,2718.129,2,919,710.8061969280243,919000,0.0,0.944497786462307,0.0072320653,0.051627755,0.051627755
2751.0483,-7.173591,1000.0,2751.0483,2,921,712.3482248783112,921000,0.0,0.9594677612185478,0.008872189,0.05264533,0.05264533
2741.6602,-7.2081304,1000.0,2741.6602,2,923,713.9121429920197,923000,0.0,0.9373511224985123,0.009958004,0.058402307,0.058402307
2740.093,-7.242701,1000.0,2740.093,2,925,715.4772379398346,925000,0.0,0.9488336145877838,0.008952031,0.056473136,0.056473136
2740.8188,-7.2776213,1000.0,2740.8188,2,927,717.0391359329224,927000,0.0,0.8923965990543365,0.008819486,0.049900237,0.049900237
2742.475,-7.3121657,1000.0,2742.475,2,929,718.6120059490204,929000,0.0,0.938877034932375,0.008938533,0.063084625,0.063084625
2746.3,-7.346705,1000.0,2746.3,2,931,720.1963469982147,931000,0.0,0.9299618378281593,0.009014038,0.057383545,0.057383545
2752.4019,-7.3815985,1000.0,2752.4019,2,933,721.7493379116058,933000,0.0,0.9442587420344353,0.008426301,0.05513183,0.05513183
2756.8674,-7.416502,1000.0,2756.8674,2,935,723.2911520004272,935000,0.0,0.9389207325875759,0.008987086,0.05120767,0.05120767
2776.383,-7.4514084,1000.0,2776.383,2,937,724.8152780532837,937000,0.0,0.9350748509168625,0.0069698263,0.050684076,0.050684076
2822.5195,-7.486304,1000.0,2822.5195,3,940,726.3795471191406,940000,0.0,0.9358241483569145,0.0064112293,0.044939954,0.044939954
2836.411,-7.521027,1000.0,2836.411,2,942,727.9083759784698,942000,0.0,0.9318118095397949,0.0066487393,0.049374092,0.049374092
2893.2751,-7.555548,1000.0,2893.2751,2,944,729.5082228183746,944000,0.0,0.9548722431063652,0.008869482,0.05689694,0.05689694
2844.2395,-7.5906725,1000.0,2844.2395,2,946,731.0661520957947,946000,0.0,0.9623276479542255,0.0097889695,0.058357283,0.058357283
2870.6523,-7.6188,1000.0,2870.6523,2,948,732.6313509941101,948000,0.0,0.7862351834774017,0.008944804,0.062184177,0.062184177
2909.266,-7.6534724,1000.0,2909.266,2,950,734.246218919754,950000,0.0,0.9622497633099556,0.008529313,0.05137797,0.05137797
2906.3896,-7.6880136,1000.0,2906.3896,2,952,735.8406879901886,952000,0.0,0.9088584184646606,0.008929595,0.066583216,0.066583216
2903.0388,-7.722924,1000.0,2903.0388,2,954,737.4313089847565,954000,0.0,0.8730867356061935,0.009228667,0.05480885,0.05480885
2897.7717,-7.7574525,1000.0,2897.7717,2,956,738.9957637786865,956000,0.0,0.92801733314991,0.009397159,0.057853412,0.057853412
2895.067,-7.792366,1000.0,2895.067,2,958,740.568029165268,958000,0.0,0.9056193456053734,0.009019921,0.05244622,0.05244622
2897.3418,-7.8269353,1000.0,2897.3418,2,960,742.112046957016,960000,0.0,0.9616380408406258,0.0064529087,0.04895337,0.04895337
2897.0364,-7.862274,1000.0,2897.0364,2,962,743.694904088974,962000,0.0,0.9714491553604603,0.008910077,0.05431386,0.05431386
2895.8264,-7.8968577,1000.0,2895.8264,2,964,745.2226600646973,964000,0.0,0.958300743252039,0.0066337595,0.046183955,0.046183955
2904.8892,-7.931511,1000.0,2904.8892,2,966,746.761344909668,966000,0.0,0.9551492035388947,0.006395362,0.046437807,0.046437807
2899.8442,-7.9660583,1000.0,2899.8442,2,968,748.3522429466248,968000,0.0,0.9203006774187088,0.009045407,0.051722456,0.051722456
2896.4165,-8.000982,1000.0,2896.4165,2,970,749.9241671562195,970000,0.0,0.8895146623253822,0.008816183,0.05721622,0.05721622
2898.2134,-8.035913,1000.0,2898.2134,2,972,751.5040190219879,972000,0.0,0.9565340168774128,0.008913688,0.05864031,0.05864031
2897.1362,-8.070549,1000.0,2897.1362,2,974,753.0515658855438,974000,0.0,0.9570347853004932,0.009173948,0.066359386,0.066359386
2899.1675,-8.10547,1000.0,2899.1675,2,976,754.6120219230652,976000,0.0,0.954429280012846,0.0090266755,0.052541852,0.052541852
2867.7192,-8.140387,1000.0,2867.7192,2,978,756.1800510883331,978000,0.0,0.9674709253013134,0.008719821,0.053503256,0.053503256
2875.5598,-8.17502,1000.0,2875.5598,2,980,757.7387549877167,980000,0.0,0.9412357285618782,0.0075967456,0.053253822,0.053253822
2882.099,-8.20962,1000.0,2882.099,3,983,759.3003780841827,983000,0.0,0.9331621378660202,0.007396635,0.053095773,0.053095773
2872.2427,-8.244903,1000.0,2872.2427,2,985,760.8557138442993,985000,0.0,0.8828631192445755,0.009465717,0.05125643,0.05125643
2920.7812,-8.279875,1000.0,2920.7812,2,987,762.4279179573059,987000,0.0,0.9188225194811821,0.008924793,0.056025594,0.056025594
2942.6968,-8.312715,1000.0,2942.6968,2,989,764.018404006958,989000,0.0,0.9619414657354355,0.008782814,0.057841577,0.057841577
2939.9077,-8.347649,1000.0,2939.9077,2,991,765.597501039505,991000,0.0,0.9685771763324738,0.009005528,0.053575233,0.053575233
2932.37,-8.382566,1000.0,2932.37,2,993,767.1734809875488,993000,0.0,0.9180127382278442,0.008784361,0.058447346,0.058447346
2943.2864,-8.417144,1000.0,2943.2864,2,995,768.7424099445343,995000,0.0,0.9589189291000366,0.008826338,0.056885686,0.056885686
2934.683,-8.452121,1000.0,2934.683,2,997,770.3408329486847,997000,0.0,0.9271069243550301,0.009057878,0.05285634,0.05285634
2901.7603,-8.484871,1000.0,2901.7603,2,999,771.9073650836945,999000,0.0,0.9407206661999226,0.008225741,0.057878524,0.057878524
2851.2234,-8.519783,1000.0,2851.2234,2,1001,773.4865310192108,1001000,0.0,0.9862365517765284,0.009025559,0.063247584,0.063247584
