EpLenMean,EpRewMean,EpThisIter,EpisodesSoFar,MeanRew,SilSamples,SimRew-MeanRew,Time-MeanRew,TimeElapsed,TimestepsSoFar,entloss,entropy,ev_tdlam_before,meankl,optimgain,surrgain
1000.0,-18.278254,2,20,29.577198,331.0,-3.3243337,0.0016156445026397706,76.95007085800171,20000,0.0,8.575103,0.15493041276931763,0.0071666553,0.043661278,0.043661278
1000.0,0.70660096,2,40,8.851476,257.0,4.318062,0.0017611886024475098,172.16029453277588,40000,0.0,8.636806,0.8090774118900299,0.0068085967,0.038854036,0.038854036
1000.0,37.074936,2,61,47.99254,189.0,4.280355,0.0017046259880065919,291.23686265945435,61000,0.0,8.607802,0.5928120017051697,0.0065621384,0.044344418,0.044344418
1000.0,70.808075,2,81,123.63008,149.0,7.5016155,0.0018687326908111573,428.71677565574646,81000,0.0,8.607177,0.7604840397834778,0.0063013714,0.04711114,0.04711114
1000.0,104.68485,2,102,156.90718,241.0,7.952584,0.0017711032867431642,589.6531145572662,102000,0.0,8.522927,0.3009835481643677,0.0058105197,0.049632736,0.049632736
1000.0,147.526,2,122,205.89487,170.0,15.051422,0.0019917369842529296,762.8976769447327,122000,0.0,8.430757,0.5816667079925537,0.005688137,0.049649086,0.049649086
1000.0,195.03433,2,143,243.78377,150.0,19.145199,0.0018063626766204833,936.3094644546509,143000,0.0,8.3804655,0.49195677042007446,0.0057143914,0.05310998,0.05310998
1000.0,242.75806,2,163,314.0062,191.0,24.937416,0.002173715114593506,1107.2122616767883,163000,0.0,8.369875,0.341495156288147,0.005669372,0.052389972,0.052389972
1000.0,307.47052,2,184,395.0959,124.0,30.986263,0.0017691349983215332,1280.518696308136,184000,0.0,8.270906,0.6363732516765594,0.006291113,0.058699135,0.058699135
1000.0,370.55426,2,204,436.12955,112.0,40.224392,0.0021817362308502197,1454.7717061042786,204000,0.0,8.173487,0.5638781189918518,0.0069978805,0.058339406,0.058339406
1000.0,425.452,2,225,471.66953,142.0,43.71009,0.0021943949699401856,1627.8866212368011,225000,0.0,8.076881,0.7012317478656769,0.0070471885,0.05934465,0.05934465
1000.0,485.6994,2,245,518.87146,148.0,49.535164,0.0018273160457611085,1803.9035742282867,245000,0.0,7.9702144,0.7662764936685562,0.006866165,0.061179623,0.061179623
1000.0,538.55115,2,266,588.1771,151.0,53.5139,0.001652980375289917,1973.1806406974792,266000,0.0,7.8956304,0.7995143085718155,0.0066567175,0.057243288,0.057243288
1000.0,587.9811,2,286,688.03064,154.0,55.493813,0.001863202714920044,2140.1140265464783,286000,0.0,7.7658396,0.7797698527574539,0.006905607,0.06206925,0.06206925
1000.0,643.8529,2,307,680.00183,186.0,63.477757,0.0022887564182281495,2305.967509508133,307000,0.0,7.56723,0.7931078374385834,0.007578517,0.06696759,0.06696759
1000.0,685.5618,2,327,779.70026,150.0,66.672264,0.002057578182220459,2471.659642457962,327000,0.0,7.447015,0.9250309318304062,0.007707919,0.059491463,0.059491463
1000.0,744.36066,2,348,806.01166,174.0,70.95752,0.0020733306884765626,2637.2912995815277,348000,0.0,7.3586698,0.9099217131733894,0.0080354065,0.065569125,0.065569125
1000.0,799.51526,2,368,643.5416,165.0,77.65445,0.0018851812839508057,2802.5441122055054,368000,0.0,7.321775,0.8190460801124573,0.008384855,0.06428458,0.06428458
1000.0,812.5547,2,389,827.1538,298.0,71.90801,0.0020474357604980467,2970.4949958324432,389000,0.0,7.314451,0.8031514585018158,0.0085445335,0.06083647,0.06083647
1000.0,820.509,2,409,824.99005,209.0,79.76391,0.002249299716949463,3146.241546869278,409000,0.0,7.2645516,0.756689578294754,0.008622386,0.06419227,0.06419227
1000.0,857.68915,2,430,871.29425,218.0,82.36935,0.0022492637634277343,3320.601385831833,430000,0.0,7.214234,0.8918541073799133,0.008583362,0.068720385,0.068720385
1000.0,892.2373,2,450,930.6209,241.0,81.84763,0.0021113329887390135,3496.631052017212,450000,0.0,7.197604,0.8845647946000099,0.009114763,0.0741813,0.0741813
1000.0,889.36816,3,471,926.3165,206.0,87.01353,0.0017595210075378419,3669.2522263526917,471000,0.0,7.1400123,0.8875364437699318,0.008420233,0.06574018,0.06574018
1000.0,904.44324,2,491,966.8903,227.0,85.18087,0.0016748668670654298,3834.948133468628,491000,0.0,7.070677,0.794671043753624,0.008450339,0.062668025,0.062668025
1000.0,938.19745,3,512,968.97003,298.0,82.91371,0.0015394334316253663,4003.0676832199097,512000,0.0,7.037083,0.8459518402814865,0.00797926,0.06269398,0.06269398
1000.0,952.36487,2,532,990.0632,213.0,92.74125,0.0018771981716156005,4169.1019167900085,532000,0.0,6.970919,0.903914324939251,0.008282645,0.063342735,0.063342735
1000.0,985.0412,2,552,1020.23535,183.0,94.57528,0.0017276559829711915,4336.681884765625,552000,0.0,6.9249244,0.941609151661396,0.008491297,0.06566604,0.06566604
1000.0,1010.55896,2,573,1025.7408,261.0,92.41137,0.0019701138973236085,4502.092826128006,573000,0.0,6.8832936,0.8798962756991386,0.009026641,0.065904364,0.065904364
1000.0,1035.5084,2,593,1069.1643,257.0,95.433426,0.0019838857173919678,4666.979689836502,593000,0.0,6.811765,0.9351271465420723,0.009029016,0.066144116,0.066144116
1000.0,1058.9685,2,614,1056.6917,239.0,99.75119,0.0021803597450256347,4835.324263095856,614000,0.0,6.797128,0.9276185035705566,0.009466777,0.06755482,0.06755482
1000.0,1058.9811,2,634,861.95056,348.0,90.99001,0.002098898506164551,5007.840141773224,634000,0.0,6.7888255,0.9108242839574814,0.008759483,0.06263424,0.06263424
1000.0,1052.7808,2,655,1058.9014,337.0,93.09228,0.00231729941368103,5184.777321815491,655000,0.0,6.729501,0.9038568288087845,0.009546804,0.069249466,0.069249466
1000.0,1080.4482,2,675,1096.9896,201.0,102.96019,0.002108085298538208,5357.201446771622,675000,0.0,6.7018704,0.9590282626450062,0.0096651465,0.06900354,0.06900354
1000.0,1112.4973,2,696,1151.0321,197.0,105.65686,0.002206550455093384,5528.5284633636475,696000,0.0,6.6212068,0.9539519362151623,0.009281604,0.06904461,0.06904461
1000.0,1119.7693,2,716,1153.5981,252.0,102.114685,0.001841609573364258,5701.686473608017,716000,0.0,6.5471168,0.9355703815817833,0.010112088,0.07357609,0.07357609
1000.0,1137.675,2,737,1148.5436,221.0,107.87925,0.0018801005840301513,5869.708933591843,737000,0.0,6.488562,0.930385485291481,0.0090173995,0.06843177,0.06843177
1000.0,1153.5687,2,757,1186.1898,227.0,108.1387,0.0019393349647521972,6038.821699380875,757000,0.0,6.473764,0.9461038038134575,0.010762575,0.0716086,0.0716086
1000.0,1175.1516,2,778,1049.9229,198.0,109.03697,0.0022000516891479494,6206.7960793972015,778000,0.0,6.406157,0.923000879585743,0.009368947,0.080516174,0.080516174
1000.0,1208.2965,2,798,1224.155,202.0,112.47956,0.001990340757369995,6375.925388336182,798000,0.0,6.3504324,0.9504008702933788,0.009356545,0.0698207,0.0698207
1000.0,1226.3146,2,819,1221.7708,289.0,113.1089,0.002232405138015747,6546.739751815796,819000,0.0,6.2664876,0.9339126497507095,0.010147458,0.07644591,0.07644591
1000.0,1237.8918,2,839,1250.7351,208.0,116.081276,0.002293971300125122,6725.48356461525,839000,0.0,6.184975,0.9572112560272217,0.010233865,0.07732907,0.07732907
1000.0,1256.0328,2,860,1265.5527,260.0,115.1099,0.0021140774250030516,6899.473304986954,860000,0.0,6.112673,0.9411976784467697,0.01005402,0.064216,0.064216
1000.0,1259.9521,2,880,1280.7115,317.0,111.05308,0.001833738660812378,7069.978079795837,880000,0.0,6.023712,0.9271933510899544,0.009493107,0.068519145,0.068519145
1000.0,1268.1267,2,901,1276.7864,205.0,120.2065,0.001989449977874756,7240.826580762863,901000,0.0,5.924561,0.9695739597082138,0.0101272045,0.06526211,0.06526211
1000.0,1285.4574,2,921,1310.6228,268.0,113.4104,0.002005848789215088,7410.72364449501,921000,0.0,5.817258,0.968323577195406,0.010919347,0.07067685,0.07067685
1000.0,1290.4828,2,942,1318.5764,278.0,116.866875,0.002117071294784546,7575.786317586899,942000,0.0,5.706827,0.9651236906647682,0.0105306795,0.06682216,0.06682216
1000.0,1306.5024,2,962,1330.3464,197.0,121.977066,0.0022416662216186525,7745.78634929657,962000,0.0,5.637899,0.9740434009581804,0.010645114,0.06791614,0.06791614
1000.0,1329.8336,3,983,1331.8411,257.0,122.578926,0.002172373867034912,7915.084173679352,983000,0.0,5.5029736,0.9248872101306915,0.010061693,0.06753941,0.06753941
1000.0,1356.8955,2,1003,1366.8649,217.0,127.42711,0.002465217924118042,8085.752133846283,1003000,0.0,5.3998933,0.9534583538770676,0.010672878,0.071009904,0.071009904
1000.0,1380.8152,3,1024,1402.871,235.0,126.509735,0.002319728422164917,8256.547910690308,1024000,0.0,5.266192,0.961389746516943,0.010533057,0.07554196,0.07554196
1000.0,1397.7333,2,1044,1432.7893,186.0,129.29953,0.002134079217910767,8430.568090200424,1044000,0.0,5.1194205,0.9502047076821327,0.009781287,0.0685482,0.0685482
1000.0,1409.5917,2,1064,1417.9781,256.0,127.84588,0.001998452425003052,8607.941199302673,1064000,0.0,4.9824677,0.9364211857318878,0.0111761745,0.084337234,0.084337234
1000.0,1425.1637,2,1085,1456.1758,246.0,131.27446,0.0019436254501342773,8781.449416399002,1085000,0.0,4.9245977,0.9702084008604288,0.011757199,0.06810289,0.06810289
1000.0,1439.129,2,1105,1432.9607,243.0,134.19786,0.0017223748207092285,8949.172136068344,1105000,0.0,4.8327165,0.9309954792261124,0.010490023,0.065935194,0.065935194
1000.0,1459.3748,2,1126,1464.5084,217.0,137.28474,0.0017004794120788573,9115.14233636856,1126000,0.0,4.7605367,0.9689925443381071,0.011273334,0.07493216,0.07493216
1000.0,1476.6389,2,1146,1436.115,254.0,138.57872,0.0017772125720977782,9282.881524562836,1146000,0.0,4.6733365,0.9769685883074999,0.011744767,0.06931446,0.06931446
1000.0,1480.8867,2,1167,1462.2686,248.0,138.98218,0.0021562689304351805,9449.413072109222,1167000,0.0,4.663686,0.9195342436432838,0.01231987,0.061317444,0.061317444
1000.0,1483.9124,2,1187,1487.5725,226.0,138.99521,0.002349427080154419,9623.92426776886,1187000,0.0,4.610067,0.9629545770585537,0.01209296,0.07873188,0.07873188
1000.0,1493.3685,2,1208,1504.9017,255.0,138.64291,0.002253370666503906,9802.033272981644,1208000,0.0,4.4778643,0.9655228555202484,0.011017311,0.06824884,0.06824884
1000.0,1502.9475,2,1228,1514.7487,308.0,136.67003,0.0021514910221099855,9980.812240362167,1228000,0.0,4.3137746,0.9584361128509045,0.012269717,0.06443489,0.06443489
1000.0,1518.351,2,1249,1553.5151,238.0,139.56676,0.001937608289718628,10153.554775238037,1249000,0.0,4.199215,0.9526608660817146,0.012405986,0.06574767,0.06574767
1000.0,1531.1908,2,1269,1419.7972,269.0,140.63162,0.0016613990783691406,10326.906628131866,1269000,0.0,4.1128597,0.9778802935034037,0.010408178,0.06624413,0.06624413
1000.0,1547.2091,2,1290,1559.263,253.0,141.6024,0.001913166618347168,10496.908154010773,1290000,0.0,4.017686,0.9600079245865345,0.011797795,0.072459444,0.072459444
1000.0,1560.9592,2,1310,1560.6704,241.0,144.47339,0.0019499162673950194,10670.724105596542,1310000,0.0,3.8643796,0.9599509462714195,0.01175327,0.0784649,0.0784649
1000.0,1556.5621,2,1331,1564.0883,293.0,142.5602,0.002216328001022339,10839.585666894913,1331000,0.0,3.8225582,0.9552444703876972,0.010677712,0.06226521,0.06226521
1000.0,1565.1305,2,1351,1589.4368,283.0,144.99782,0.002075748348236084,11015.064641714096,1351000,0.0,3.7394981,0.9611110016703606,0.012536471,0.08165772,0.08165772
1000.0,1579.0842,2,1372,1592.5973,248.0,146.18057,0.002172997236251831,11183.694456338882,1372000,0.0,3.6604006,0.9644634872674942,0.012515966,0.06665997,0.06665997
1000.0,1586.1093,2,1392,1614.0991,225.0,147.1804,0.002022471570968628,11360.598187208176,1392000,0.0,3.571591,0.9790304489433765,0.011884723,0.074818715,0.074818715
1000.0,1609.387,2,1413,1636.6035,221.0,148.9379,0.0019182891845703125,11530.853402853012,1413000,0.0,3.2900817,0.969702210277319,0.011572771,0.07483728,0.07483728
1000.0,1629.0027,2,1433,1602.1924,207.0,154.73889,0.0019565707683563234,11697.150789260864,1433000,0.0,3.1671138,0.9680267795920372,0.012133607,0.06108143,0.06108143
1000.0,1643.2468,2,1454,1633.8528,234.0,153.65132,0.0017915888786315917,11866.34524512291,1454000,0.0,3.0767262,0.9782780092209578,0.012258144,0.07233246,0.07233246
1000.0,1650.3317,2,1474,1631.8248,330.0,152.2192,0.0018713701248168945,12035.791749715805,1474000,0.0,3.0375788,0.9713630378246307,0.01276285,0.06976376,0.06976376
1000.0,1654.0977,3,1495,1675.2797,287.0,151.17787,0.0017619359493255616,12202.235315561295,1495000,0.0,3.0755455,0.9802876450121403,0.011622007,0.08839169,0.08839169
1000.0,1658.4407,2,1515,1668.5277,295.0,150.84422,0.0017884747505187988,12368.30884552002,1515000,0.0,3.0203848,0.9391406252980232,0.011985602,0.06183177,0.06183177
1000.0,1667.3425,3,1536,1677.5574,261.0,152.62642,0.0018500389575958251,12534.08235168457,1536000,0.0,2.8798776,0.9778104815632105,0.012316959,0.068245135,0.068245135
1000.0,1675.2,2,1556,1722.9993,275.0,149.49529,0.0019027296543121337,12703.526548862457,1556000,0.0,2.7641208,0.9680401980876923,0.014463952,0.056133457,0.056133457
1000.0,1687.4482,2,1576,1695.367,258.0,155.59578,0.002173094844818115,12871.901596546173,1576000,0.0,2.6400714,0.9855052884668112,0.012027781,0.077479616,0.077479616
1000.0,1700.1758,2,1597,1690.3525,265.0,157.3368,0.002031431770324707,13045.755669116974,1597000,0.0,2.4935963,0.9754721131175756,0.012196349,0.06396005,0.06396005
1000.0,1708.5541,2,1617,1691.4172,303.0,156.824,0.0022075303077697755,13212.222125768661,1617000,0.0,2.4770083,0.9305233135819435,0.010957758,0.06047678,0.06047678
1000.0,1717.5869,2,1638,1736.6908,229.0,158.3457,0.002219816493988037,13383.939066648483,1638000,0.0,2.356628,0.9842270873486996,0.013325311,0.066122554,0.066122554
1000.0,1724.0406,2,1658,1740.6191,265.0,156.79909,0.002051380729675293,13558.506093502045,1658000,0.0,2.3488414,0.9638631418347359,0.013221669,0.068006486,0.068006486
1000.0,1726.6595,2,1679,1709.4918,250.0,161.81374,0.0019537621021270754,13728.21871638298,1679000,0.0,2.307929,0.9775888342410326,0.011528483,0.06082429,0.06082429
1000.0,1730.095,2,1699,1715.8142,246.0,162.15439,0.001891963815689087,13898.124830245972,1699000,0.0,2.2302315,0.9850697899237275,0.013607422,0.08412591,0.08412591
1000.0,1739.2799,2,1720,1732.0615,253.0,162.24936,0.0019350119590759278,14064.524197816849,1720000,0.0,2.1574976,0.975306099280715,0.012764903,0.08032807,0.08032807
1000.0,1742.616,2,1740,1747.3923,284.0,160.0048,0.001976871347427368,14234.82024550438,1740000,0.0,2.0668318,0.9847012860700488,0.011984142,0.07917545,0.07917545
1000.0,1749.968,2,1761,1729.7142,243.0,164.2469,0.0021966156482696535,14405.417293787003,1761000,0.0,2.0614605,0.976504273712635,0.011360753,0.05913479,0.05913479
1000.0,1757.2262,2,1781,1735.0234,310.0,161.2946,0.002101687431335449,14575.839852809906,1781000,0.0,1.9493773,0.9608623571693897,0.012052623,0.06698116,0.06698116
1000.0,1760.0664,2,1802,1758.6887,249.0,165.0363,0.0021245080947875977,14747.762324333191,1802000,0.0,1.8565145,0.977285860106349,0.011819489,0.060508512,0.060508512
1000.0,1769.2389,2,1822,1784.8884,279.0,162.02345,0.002058860731124878,14919.282404661179,1822000,0.0,1.8568648,0.9865910913795233,0.012342373,0.070307314,0.070307314
1000.0,1756.0231,2,1843,1724.6296,272.0,165.11102,0.002254588031768799,15093.521592140198,1843000,0.0,1.7988299,0.9871561303734779,0.012043519,0.0776268,0.0776268
1000.0,1755.8588,2,1863,1771.6996,254.0,164.4506,0.0021505841732025145,15265.761485815048,1863000,0.0,1.7013317,0.9808243922889233,0.012384455,0.070005745,0.070005745
1000.0,1783.8215,2,1884,1807.2344,239.0,164.45859,0.0022507262229919433,15442.676045179367,1884000,0.0,1.6581495,0.9885355504229665,0.011699179,0.066025525,0.066025525
1000.0,1792.6139,2,1904,1803.3002,247.0,164.93675,0.0017161840438842774,15611.482901573181,1904000,0.0,1.6484284,0.9835322014987469,0.012479933,0.06771161,0.06771161
1000.0,1794.2845,2,1925,1808.4521,273.0,165.39267,0.002148485231399536,15781.558063030243,1925000,0.0,1.6191945,0.9776811636984348,0.012998156,0.08192969,0.08192969
1000.0,1803.568,2,1945,1810.6371,261.0,167.74571,0.0017562198638916015,15955.200425863266,1945000,0.0,1.5790021,0.9849673761054873,0.014039297,0.066134974,0.066134974
1000.0,1803.3043,2,1966,1794.8041,337.0,164.6164,0.0019115478038787843,16128.39642906189,1966000,0.0,1.4906521,0.95328663662076,0.013210977,0.08031643,0.08031643
1000.0,1796.0033,2,1986,1826.0758,243.0,166.07158,0.0018900207996368408,16301.164636850357,1986000,0.0,1.4848549,0.97378134354949,0.012639416,0.060655475,0.060655475
1000.0,1804.9268,3,2007,1821.3086,253.0,166.60858,0.0020519025802612305,16467.750854969025,2007000,0.0,1.4628575,0.9879004107788205,0.013160359,0.07274464,0.07274464
1000.0,1822.2668,2,2027,1810.677,250.0,169.50645,0.002173496770858765,16636.1909160614,2027000,0.0,1.4870275,0.9695958700031042,0.011588609,0.053355087,0.053355087
1000.0,1830.0586,3,2048,1834.9988,250.0,168.67717,0.0018563140869140625,16808.659950971603,2048000,0.0,1.4330359,0.9662750698626041,0.012677313,0.06697646,0.06697646
1000.0,1838.4187,2,2068,1850.4987,265.0,167.78044,0.0021144212245941163,16982.360202789307,2068000,0.0,1.3684976,0.9815840814262629,0.011485131,0.059605703,0.059605703
1000.0,1837.3994,2,2088,1848.3951,321.0,166.35378,0.002221369218826294,17155.449856042862,2088000,0.0,1.2789,0.960981585085392,0.012506384,0.0636546,0.0636546
1000.0,1850.96,2,2109,1868.4592,258.0,169.43387,0.0018417585849761964,17328.045165538788,2109000,0.0,1.1939577,0.9905480854213238,0.011961966,0.06443017,0.06443017
1000.0,1860.3779,2,2129,1858.0449,269.0,170.91805,0.001964065647125244,17498.124591112137,2129000,0.0,1.1788435,0.9828509073704481,0.011506084,0.063153334,0.063153334
1000.0,1851.6449,2,2150,1842.1986,325.0,168.22086,0.002007002830505371,17666.20543050766,2150000,0.0,1.214893,0.9747321326285601,0.011354197,0.054259695,0.054259695
1000.0,1852.302,2,2170,1843.0131,282.0,171.09558,0.0019423226356506348,17839.961427927017,2170000,0.0,1.2179844,0.9875557366758585,0.013290232,0.079613924,0.079613924
1000.0,1862.8912,2,2191,1862.1631,215.0,174.71863,0.0015630205631256104,18010.251228570938,2191000,0.0,1.1896337,0.9869443103671074,0.012597488,0.07613291,0.07613291
1000.0,1869.3707,2,2211,1856.501,283.0,172.7404,0.001805052423477173,18178.291006803513,2211000,0.0,1.1357423,0.9836954902857542,0.011737075,0.057191566,0.057191566
1000.0,1863.1243,2,2232,1833.1246,295.0,172.01877,0.0016976004123687744,18347.531931877136,2232000,0.0,1.0785714,0.9908135971054435,0.011555751,0.06648882,0.06648882
1000.0,1862.97,2,2252,1853.0348,247.0,172.59685,0.0019649455070495604,18518.263273715973,2252000,0.0,0.9835999,0.9881706740707159,0.012899328,0.066025116,0.066025116
1000.0,1874.9551,2,2273,1877.6195,240.0,173.71793,0.001969925880432129,18690.248431682587,2273000,0.0,0.96261674,0.9927822868339717,0.011094747,0.06628037,0.06628037
1000.0,1879.0082,2,2293,1874.3864,285.0,172.15367,0.0020958462715148928,18860.833948612213,2293000,0.0,0.94714034,0.9880944089964032,0.011579344,0.062288597,0.062288597
1000.0,1885.7203,2,2314,1872.6536,227.0,177.16702,0.0020529738903045654,19031.85217308998,2314000,0.0,0.8732335,0.9925813069567084,0.012591196,0.064544596,0.064544596
1000.0,1890.5193,2,2334,1882.3938,268.0,173.4858,0.0019494542598724365,19204.694576740265,2334000,0.0,0.8318631,0.9755097441375256,0.011576299,0.059656434,0.059656434
1000.0,1891.668,2,2355,1907.7305,305.0,171.16245,0.0016834254264831542,19377.4471347332,2355000,0.0,0.7974503,0.9820902273058891,0.011226414,0.06649906,0.06649906
1000.0,1902.7859,2,2375,1922.8762,295.0,171.80064,0.0020028438568115235,19544.195929050446,2375000,0.0,0.7097127,0.9904534053057432,0.011994887,0.064794585,0.064794585
1000.0,1911.9928,2,2396,1910.05,254.0,175.81544,0.0020009284496307375,19715.052180051804,2396000,0.0,0.7132926,0.9889665981754661,0.011540109,0.06322811,0.06322811
1000.0,1904.0928,2,2416,1880.8933,321.0,174.90132,0.0018560386657714843,19882.44664502144,2416000,0.0,0.68881214,0.9822569061070681,0.011452222,0.068621874,0.068621874
1000.0,1900.6924,2,2437,1865.1973,233.0,178.76358,0.0018357501029968263,20051.88819360733,2437000,0.0,0.6753647,0.9716058000922203,0.012114424,0.06378435,0.06378435
1000.0,1909.76,2,2457,1911.0078,286.0,173.60945,0.0018602562427520752,20224.08798980713,2457000,0.0,0.6139691,0.979750033468008,0.011445263,0.05783259,0.05783259
1000.0,1898.5007,2,2478,1911.1257,347.0,170.54305,0.0021478292465209963,20392.679141044617,2478000,0.0,0.6402576,0.9660291373729706,0.011367928,0.061265394,0.061265394
1000.0,1893.1755,2,2498,1915.2117,329.0,170.49077,0.0019534906387329103,20566.526751041412,2498000,0.0,0.6561115,0.9758173655718565,0.013003776,0.05739348,0.05739348
1000.0,1894.5046,3,2519,1898.8005,330.0,173.06075,0.0020123226165771483,20740.128076314926,2519000,0.0,0.66494185,0.9851741772145033,0.011941722,0.06768413,0.06768413
1000.0,1901.2057,2,2539,1913.1995,278.0,174.38658,0.001866112756729126,20910.582101106644,2539000,0.0,0.68650824,0.9870900698006153,0.01185898,0.06271022,0.06271022
1000.0,1906.4851,3,2560,1890.9734,304.0,174.58803,0.002018886613845825,21081.49287891388,2560000,0.0,0.67324966,0.9881558138877153,0.011887575,0.059766363,0.059766363
1000.0,1908.1426,2,2580,1904.4489,206.0,178.92712,0.002221786069869995,21250.367412805557,2580000,0.0,0.64120364,0.9906514547765255,0.013144311,0.06309478,0.06309478
1000.0,1908.0485,2,2600,1932.415,273.0,172.87541,0.001971974229812622,21423.687995433807,2600000,0.0,0.5911764,0.9859949313104153,0.011819767,0.063016444,0.063016444
1000.0,1916.8113,2,2621,1889.8684,272.0,179.28842,0.0021402416706085203,21589.235934972763,2621000,0.0,0.52591753,0.9859015503898263,0.011030401,0.05296137,0.05296137
1000.0,1926.0208,2,2641,1946.182,250.0,176.17857,0.0020069302082061768,21760.53620171547,2641000,0.0,0.44192678,0.9888831237331033,0.012441797,0.059796624,0.059796624
1000.0,1917.3129,2,2662,1920.8826,247.0,177.2008,0.0019317536830902099,21930.5873131752,2662000,0.0,0.4656509,0.9893214767798781,0.012063013,0.066418245,0.066418245
1000.0,1919.2875,2,2682,1928.8435,293.0,174.643,0.0019894873142242433,22098.06098127365,2682000,0.0,0.43075395,0.9921750025823712,0.0120927505,0.075172275,0.075172275
1000.0,1928.0471,2,2703,1917.9036,289.0,177.40309,0.0022080672264099123,22269.738862514496,2703000,0.0,0.43291256,0.991974669508636,0.011778591,0.0581796,0.0581796
1000.0,1926.1204,2,2723,1934.1927,315.0,175.76178,0.0021818947792053224,22444.35710120201,2723000,0.0,0.4262461,0.9799808319658041,0.010789353,0.07143299,0.07143299
1000.0,1923.05,2,2744,1944.556,302.0,173.68747,0.00248923454284668,22616.916737794876,2744000,0.0,0.446787,0.9899311633780599,0.012048783,0.06130594,0.06130594
1000.0,1924.6667,2,2764,1934.5199,195.0,178.9963,0.002035568141937256,22794.412209033966,2764000,0.0,0.41110978,0.991149720735848,0.012256469,0.060556456,0.060556456
1000.0,1929.0374,2,2785,1926.7659,268.0,177.4899,0.0020706755638122557,22967.013199567795,2785000,0.0,0.42532396,0.9848933182656765,0.011826234,0.061281525,0.061281525
1000.0,1931.8967,2,2805,1949.2621,276.0,176.20978,0.002018523025512695,23138.327839374542,2805000,0.0,0.43796754,0.9841357693076134,0.01181604,0.051460523,0.051460523
1000.0,1928.0979,2,2826,1941.2972,299.0,175.42915,0.0019185214519500731,23310.40970683098,2826000,0.0,0.40476233,0.9555185958743095,0.012375517,0.087915435,0.087915435
1000.0,1928.0527,2,2846,1925.4017,284.0,178.06912,0.00210651798248291,23479.2318379879,2846000,0.0,0.3895723,0.9930528253316879,0.010832274,0.055325016,0.055325016
1000.0,1927.8914,2,2867,1938.8401,307.0,175.34613,0.002105201292037964,23648.324162483215,2867000,0.0,0.365043,0.9195443838834763,0.011840401,0.051851116,0.051851116
1000.0,1928.3812,2,2887,1952.4167,271.0,175.93428,0.0019685141563415528,23820.51241874695,2887000,0.0,0.32931232,0.9898955533280969,0.013194766,0.06897306,0.06897306
1000.0,1940.3601,2,2908,1923.0651,262.0,180.41551,0.0022111979961395266,23995.6793551445,2908000,0.0,0.34042355,0.9829740598797798,0.0115637705,0.060419537,0.060419537
1000.0,1942.8799,2,2928,1948.0039,281.0,177.75739,0.00238442120552063,24164.93006181717,2928000,0.0,0.31750953,0.9512288495898247,0.012421821,0.053729676,0.053729676
1000.0,1950.1559,2,2949,1954.8226,236.0,178.8328,0.0024016794204711916,24338.85996580124,2949000,0.0,0.30710366,0.9852336524054408,0.0040682377,0.030140923,0.030140923
1000.0,1958.1111,2,2969,1939.4594,284.0,180.47209,0.0019595112800598145,24514.340717077255,2969000,0.0,0.27904952,0.9931422336958349,0.011547674,0.071349636,0.071349636
1000.0,1954.1715,2,2990,1949.9592,269.0,180.56258,0.0018333430767059327,24682.51248908043,2990000,0.0,0.24485876,0.9849618123844266,0.0110395085,0.065179884,0.065179884
1000.0,1949.7825,2,3010,1954.1562,296.0,178.88232,0.001896863031387329,24847.787847995758,3010000,0.0,0.20363529,0.9898368502035737,0.012561236,0.060728803,0.060728803
1000.0,1948.638,3,3031,1951.5754,315.0,176.51352,0.0017188604831695556,25020.511939048767,3031000,0.0,0.16438265,0.9804494027048349,0.011043439,0.057996586,0.057996586
1000.0,1951.0524,2,3051,1952.428,322.0,178.88972,0.0021040183544158934,25184.543917894363,3051000,0.0,0.08692165,0.9777765776962042,0.012589948,0.06412211,0.06412211
1000.0,1958.7184,3,3072,1940.985,261.0,181.1376,0.0020264681339263917,25354.007498264313,3072000,0.0,0.10363153,0.9824618212878704,0.013404773,0.0678882,0.0678882
1000.0,1958.9551,2,3092,1947.4762,317.0,179.64647,0.002107268047332764,25519.49144601822,3092000,0.0,0.09088082,0.9872359493747354,0.011024987,0.07332547,0.07332547
1000.0,1958.9915,2,3112,1979.5208,252.0,179.9623,0.0022910186290740968,25694.762962579727,3112000,0.0,0.08234801,0.9815711472183466,0.011234805,0.050741244,0.050741244
1000.0,1961.9625,2,3133,1956.752,299.0,179.26805,0.002367347526550293,25868.29230594635,3133000,0.0,0.080406375,0.9733639098703861,0.012115525,0.054588936,0.054588936
1000.0,1952.3347,2,3153,1953.6699,315.0,178.60768,0.0023500370979309083,26042.38391494751,3153000,0.0,0.07408408,0.9880145825445652,0.01043245,0.060485195,0.060485195
1000.0,1957.7693,2,3174,1937.8484,284.0,182.15962,0.002139871025085449,26216.593745946884,3174000,0.0,0.04561416,0.989944870583713,0.011999345,0.056491986,0.056491986
1000.0,1954.515,2,3194,1961.53,290.0,178.6415,0.0018494765758514404,26389.673139095306,3194000,0.0,0.017991556,0.9837671387940645,0.0121810865,0.054533668,0.054533668
1000.0,1951.0012,2,3215,1959.2109,272.0,181.0198,0.0018302978992462157,26561.9819252491,3215000,0.0,0.022170223,0.9837019219994545,0.011742089,0.060224578,0.060224578
1000.0,1956.209,2,3235,1949.752,312.0,179.18898,0.0020430872917175293,26729.028804063797,3235000,-0.0,-0.022648966,0.9842307437211275,0.01167101,0.06257123,0.06257123
1000.0,1962.2373,2,3256,1989.4,269.0,178.95642,0.002175247859954834,26902.361483097076,3256000,-0.0,-0.078900136,0.9903244655579329,0.012061706,0.05364579,0.05364579
1000.0,1966.3215,2,3276,1975.8177,330.0,175.93324,0.002097640085220337,27073.843505620956,3276000,-0.0,-0.026659975,0.9824159629642963,0.003810803,0.032282315,0.032282315
1000.0,1960.7375,2,3297,1949.7922,317.0,179.81013,0.0023640286922454834,27251.727971553802,3297000,0.0,0.004072847,0.99123749230057,0.011395972,0.060781494,0.060781494
1000.0,1965.1345,2,3317,1957.9711,260.0,181.43456,0.001825720739364624,27428.620181798935,3317000,-0.0,-0.05230229,0.9920628583058715,0.012201716,0.069397196,0.069397196
1000.0,1967.6179,2,3338,1974.3226,276.0,180.67484,0.0021044752597808836,27600.858572483063,3338000,-0.0,-0.049096763,0.987633709795773,0.013315989,0.0587306,0.0587306
1000.0,1968.3533,2,3358,1968.8088,235.0,181.33345,0.001892982006072998,27774.642374515533,3358000,-0.0,-0.05551141,0.9887181306257844,0.011913585,0.057924222,0.057924222
1000.0,1975.1301,2,3379,1987.0447,280.0,181.1709,0.002003457164764404,27942.813079357147,3379000,-0.0,-0.093584545,0.9939895453862846,0.011786886,0.06609428,0.06609428
1000.0,1978.9414,2,3399,1973.8336,276.0,181.27698,0.001652678394317627,28111.53959941864,3399000,-0.0,-0.13196145,0.9910738933831453,0.012222717,0.054141887,0.054141887
1000.0,1980.9089,2,3420,1983.2864,326.0,179.35748,0.0020387936115264893,28278.965643644333,3420000,-0.0,-0.1287652,0.9819700792431831,0.011974076,0.0536154,0.0536154
1000.0,1982.6146,2,3440,1980.2852,265.0,181.62544,0.0022897781372070315,28452.647772312164,3440000,-0.0,-0.15858085,0.9894490987062454,0.011610761,0.058527075,0.058527075
1000.0,1979.9684,2,3461,1968.0469,293.0,181.38443,0.001974123954772949,28623.008145809174,3461000,-0.0,-0.21082391,0.9793113544583321,0.012824137,0.07333038,0.07333038
1000.0,1980.8297,2,3481,1991.6127,256.0,182.68394,0.0021152663230895995,28795.096019506454,3481000,-0.0,-0.23095722,0.9930964023806155,0.011700047,0.059650213,0.059650213
1000.0,1983.1041,2,3502,1978.3174,306.0,181.47882,0.0019522914409637452,28968.12298822403,3502000,-0.0,-0.18961817,0.97603521309793,0.011470128,0.058296278,0.058296278
1000.0,1986.654,2,3522,1989.3698,264.0,182.99521,0.0017121676921844483,29140.196757555008,3522000,-0.0,-0.20103101,0.9927626550197601,0.012374666,0.060645696,0.060645696
1000.0,1991.5107,3,3543,1998.947,277.0,182.52538,0.0017828003883361815,29305.780169487,3543000,-0.0,-0.23674698,0.9838185533881187,0.013238933,0.093100056,0.093100056
1000.0,1993.3479,2,3563,1994.6956,315.0,181.96808,0.0018228958129882812,29473.70010471344,3563000,-0.0,-0.2817536,0.98946169950068,0.012906652,0.059710193,0.059710193
1000.0,1991.7373,3,3584,1976.1895,350.0,180.87643,0.0016715624809265136,29639.46016740799,3584000,-0.0,-0.3068284,0.9873948646709323,0.011290528,0.05606435,0.05606435
1000.0,1992.8529,2,3604,2000.9607,282.0,183.02599,0.0020750597953796386,29804.515696048737,3604000,-0.0,-0.33415967,0.9869366604834795,0.012191897,0.05905877,0.05905877
1000.0,1999.259,2,3624,1983.2393,296.0,183.4383,0.0018629185676574708,29973.857934236526,3624000,-0.0,-0.34178227,0.9912175741046667,0.0121157225,0.06524174,0.06524174
1000.0,2000.1824,2,3645,1995.7496,277.0,184.30415,0.0020369338035583495,30141.548931121826,3645000,-0.0,-0.31762755,0.9920641919597983,0.011941022,0.06849366,0.06849366
1000.0,1997.3851,2,3665,1988.5133,278.0,184.80714,0.0018731765747070311,30311.885450839996,3665000,-0.0,-0.36954305,0.9924225872382522,0.0117405,0.05502847,0.05502847
1000.0,1995.4211,2,3686,1983.3181,311.0,184.37614,0.0020294597625732423,30482.844285726547,3686000,-0.0,-0.38769764,0.9892207756638527,0.0148590775,0.074028194,0.074028194
1000.0,2000.2148,2,3706,2008.447,284.0,182.42853,0.0019015652179718017,30654.152172088623,3706000,-0.0,-0.41822225,0.9794633444398642,0.012050652,0.050499834,0.050499834
1000.0,2003.8586,2,3727,1995.6927,263.0,185.57596,0.0017993117809295654,30824.142466068268,3727000,-0.0,-0.46063274,0.9892781851813197,0.013595979,0.15108074,0.15108074
1000.0,2007.2305,2,3747,1990.8483,283.0,184.9806,0.0020318413257598878,30992.063665628433,3747000,-0.0,-0.4572433,0.9874258935451508,0.010704214,0.050829835,0.050829835
1000.0,2003.8699,2,3768,1995.0378,354.0,182.3918,0.0016772202014923095,31162.737060785294,3768000,-0.0,-0.46720287,0.9809206407517195,0.012638905,0.10497022,0.10497022
1000.0,1996.1775,2,3788,1995.7893,288.0,184.26585,0.0019040586948394775,31331.00815320015,3788000,-0.0,-0.48199624,0.9887742502614856,0.013210977,0.051197026,0.051197026
1000.0,2005.6008,2,3809,1984.1506,214.0,188.47519,0.0016345465183258056,31501.64868235588,3809000,-0.0,-0.48508295,0.9919070154428482,0.011678442,0.06565788,0.06565788
1000.0,2008.916,2,3829,1992.4802,350.0,183.18993,0.0018143090724945068,31671.388189792633,3829000,-0.0,-0.49150667,0.9906379766762257,0.012120826,0.06382793,0.06382793
1000.0,2001.6713,2,3850,1993.5,346.0,182.42227,0.0019389823436737061,31841.43360352516,3850000,-0.0,-0.5083923,0.988116892054677,0.0115695,0.055076152,0.055076152
1000.0,2012.6018,2,3870,2013.2861,235.0,185.32721,0.0026095962047576905,32015.168430805206,3870000,-0.0,-0.5181583,0.9898877469822764,0.012486754,0.05509256,0.05509256
1000.0,2008.8381,2,3891,2007.1487,287.0,184.19533,0.0019794660568237307,32187.930842876434,3891000,-0.0,-0.53563625,0.9869413645938039,0.012005791,0.060835045,0.060835045
1000.0,2005.7585,2,3911,1980.0944,297.0,185.43947,0.001986951398849487,32358.11024904251,3911000,-0.0,-0.513086,0.9929816857911646,0.012127023,0.059466075,0.059466075
1000.0,2011.8796,2,3932,2007.4597,295.0,184.64178,0.0019359249114990235,32529.044276952744,3932000,-0.0,-0.5260217,0.9908965146169066,0.012413488,0.07112361,0.07112361
1000.0,2016.4082,2,3952,2024.0397,303.0,184.06609,0.0019341994285583496,32698.088971614838,3952000,-0.0,-0.56156284,0.9915590360760689,0.013588928,0.06836964,0.06836964
1000.0,2016.724,2,3973,2009.8132,352.0,182.9953,0.0017362099170684815,32867.80878162384,3973000,-0.0,-0.57725364,0.9745928943157196,0.011849113,0.05228579,0.05228579
1000.0,2014.1074,2,3993,2010.4258,309.0,183.61877,0.001935573148727417,33035.412165403366,3993000,-0.0,-0.5811614,0.9774055536836386,0.0038046222,0.0377787,0.0377787
1000.0,2017.3073,2,4014,2002.3953,190.0,188.73686,0.0019362405776977539,33208.52595734596,4014000,-0.0,-0.64063084,0.9783082976937294,0.011614414,0.054708328,0.054708328
1000.0,2021.9733,2,4034,2029.4586,235.0,185.73743,0.002076659965515137,33375.55386662483,4034000,-0.0,-0.6505123,0.9907700689509511,0.010757084,0.047101486,0.047101486
1000.0,2023.0547,3,4055,2019.2708,284.0,184.95811,0.001972358274459839,33545.162041425705,4055000,-0.0,-0.6432952,0.9932779311202466,0.014855096,0.0634923,0.0634923
1000.0,2023.0859,2,4075,2042.6302,222.0,186.09312,0.002127937602996826,33717.416791677475,4075000,-0.0,-0.670485,0.9932015384547412,0.0115933195,0.06949278,0.06949278
1000.0,2025.0619,3,4096,2019.6262,257.0,186.99547,0.0020138452529907228,33888.59837150574,4096000,-0.0,-0.65422195,0.9823636766523123,0.011942079,0.062343486,0.062343486
1000.0,2023.0873,2,4116,2038.3063,314.0,183.25577,0.0020777041912078856,34057.732751369476,4116000,-0.0,-0.6840255,0.9908296409994364,0.012691797,0.061235216,0.061235216
1000.0,2021.6918,2,4136,2022.5696,244.0,186.66576,0.0021748562812805177,34228.47895407677,4136000,-0.0,-0.69928086,0.9961660478729755,0.012157413,0.05377145,0.05377145
1000.0,2022.5066,2,4157,2018.2903,342.0,184.62787,0.0020048457145690917,34399.50103545189,4157000,-0.0,-0.6915282,0.988727580755949,0.011759538,0.058437448,0.058437448
1000.0,2021.762,2,4177,2017.4578,250.0,187.1957,0.0019164341449737549,34570.04171848297,4177000,-0.0,-0.7180951,0.9780236352235079,0.013816882,0.054888763,0.054888763
1000.0,2019.934,2,4198,2027.2981,362.0,183.47333,0.001669940185546875,34737.20157647133,4198000,-0.0,-0.67785084,0.988219072110951,0.014390692,0.06719895,0.06719895
1000.0,2019.569,2,4218,2045.2773,242.0,185.29556,0.0021867063045501707,34903.79178190231,4218000,-0.0,-0.6689194,0.9789715241640806,0.012600413,0.06306017,0.06306017
1000.0,2022.6125,2,4239,1985.0107,263.0,189.5482,0.0018465013027191162,35074.88805603981,4239000,-0.0,-0.6559437,0.9901557620614767,0.011275571,0.06652795,0.06652795
1000.0,2017.2429,2,4259,2035.9164,323.0,181.47177,0.001908391523361206,35243.58022713661,4259000,-0.0,-0.6598249,0.9875865001231432,0.013450263,0.063204706,0.063204706
1000.0,2020.4547,2,4280,2021.1556,280.0,185.43173,0.0019095547676086426,35415.27047562599,4280000,-0.0,-0.6820831,0.9757257699966431,0.014755553,0.063494846,0.063494846
1000.0,2016.1595,2,4300,2006.1172,302.0,184.78505,0.002096413230895996,35582.44074630737,4300000,-0.0,-0.6708981,0.9903929671272635,0.003836101,0.030265283,0.030265283
1000.0,2018.843,2,4321,2021.2213,290.0,185.53596,0.0018367857456207276,35756.73891496658,4321000,-0.0,-0.626221,0.9929702668450773,0.01227304,0.06292769,0.06292769
1000.0,2026.8658,2,4341,2045.1198,276.0,184.84671,0.002320809602737427,35923.18628549576,4341000,-0.0,-0.6078784,0.9803087990731001,0.013436083,0.060272373,0.060272373
1000.0,2028.2852,2,4362,2030.592,324.0,184.26628,0.002105130243301392,36096.50539302826,4362000,-0.0,-0.6273136,0.983414189890027,0.012699313,0.053399354,0.053399354
1000.0,2029.4558,2,4382,2031.0281,300.0,185.89662,0.001975345468521118,36267.670204639435,4382000,-0.0,-0.6387083,0.9832823202013969,0.01291723,0.06447964,0.06447964
1000.0,2030.056,2,4403,2019.4023,314.0,186.34407,0.002265760517120361,36435.63618373871,4403000,-0.0,-0.6481643,0.9829381853342056,0.013010647,0.060883913,0.060883913
1000.0,2024.7578,2,4423,2040.7513,338.0,182.42447,0.0018975203514099122,36605.70816445351,4423000,-0.0,-0.64555323,0.9837195742875338,0.012286865,0.06793857,0.06793857
1000.0,2022.7672,2,4444,2042.386,256.0,185.32057,0.002265396451950073,36773.273765325546,4444000,-0.0,-0.64047384,0.9945837031118572,0.014436502,0.05569898,0.05569898
1000.0,2029.0837,2,4464,2021.4114,231.0,187.78201,0.0020305327415466308,36943.70413208008,4464000,-0.0,-0.64527905,0.9930031173862517,0.011848109,0.05905792,0.05905792
1000.0,2028.6207,2,4485,2037.2712,257.0,186.73825,0.0020180902004241943,37111.31817698479,4485000,-0.0,-0.71664006,0.9935467056930065,0.014965678,0.060471375,0.060471375
1000.0,2024.2086,2,4505,2024.4563,328.0,184.51486,0.002238927888870239,37279.632638931274,4505000,-0.0,-0.7167306,0.9917519707232714,0.012458642,0.05941568,0.05941568
1000.0,2023.4,2,4526,2021.733,258.0,188.0604,0.0018979440689086914,37453.26230955124,4526000,-0.0,-0.72864777,0.9870672104880214,0.012656939,0.06621554,0.06621554
1000.0,2031.29,2,4546,2032.4797,275.0,187.36865,0.002078690528869629,37624.38027071953,4546000,-0.0,-0.7550662,0.9911870388314128,0.0042520547,0.04257726,0.04257726
1000.0,2026.3864,3,4567,2038.0433,363.0,182.70505,0.001999118137359619,37800.842062950134,4567000,-0.0,-0.73989356,0.9839207176119089,0.011961253,0.056259945,0.056259945
1000.0,2026.989,2,4587,2032.612,275.0,186.742,0.002087901258468628,37970.185503959656,4587000,-0.0,-0.77244097,0.9834926761686802,0.012533775,0.058410853,0.058410853
1000.0,2037.3824,3,4608,2035.4332,294.0,186.9522,0.0019193808078765869,38141.54908037186,4608000,-0.0,-0.7810526,0.9843369629234076,0.011605328,0.05474793,0.05474793
1000.0,2037.1394,2,4628,2025.4105,380.0,185.14156,0.0021810051441192627,38313.594373226166,4628000,-0.0,-0.8265649,0.9697460159659386,0.011405864,0.05435534,0.05435534
1000.0,2040.0035,2,4648,2034.3672,259.0,188.19315,0.001996820592880249,38483.53617191315,4648000,-0.0,-0.8457325,0.9958420768380165,0.0038185182,0.036628872,0.036628872
1000.0,2047.4688,2,4669,2049.5344,262.0,188.05139,0.0020885583877563478,38655.12848114967,4669000,-0.0,-0.84329665,0.9923507436178625,0.012203372,0.057957996,0.057957996
1000.0,2047.6965,2,4689,2046.54,258.0,189.18242,0.0017289897441864013,38812.5039229393,4689000,-0.0,-0.85249335,0.988360540010035,0.003792675,0.03839211,0.03839211
1000.0,2045.5105,2,4710,2037.845,306.0,187.0711,0.0016845412254333496,38947.310104608536,4710000,-0.0,-0.87118864,0.9939384735189378,0.0045354012,0.038347896,0.038347896
1000.0,2040.5807,2,4730,2029.8333,269.0,189.3769,0.0016161858081817626,39077.16703867912,4730000,-0.0,-0.8908804,0.9758662078529596,0.012705324,0.06418425,0.06418425
1000.0,2035.634,2,4751,2025.7744,317.0,187.07014,0.0016782277584075928,39209.02726459503,4751000,-0.0,-0.88155705,0.9837297387421131,0.013961817,0.07661385,0.07661385
1000.0,2035.4918,2,4771,2053.947,304.0,184.10637,0.0014393014907836915,39331.806240558624,4771000,-0.0,-0.8973421,0.9839139133691788,0.012546761,0.069213614,0.069213614
1000.0,2034.1963,2,4792,2053.109,263.0,186.12277,0.001660124683380127,39458.546909570694,4792000,-0.0,-0.91276133,0.9928359081968665,0.011468725,0.053093344,0.053093344
1000.0,2039.9681,2,4812,2063.5247,304.0,184.20975,0.001616331386566162,39588.18949651718,4812000,-0.0,-0.919003,0.9812096375972033,0.011966525,0.060502794,0.060502794
1000.0,2044.5471,2,4833,2041.6403,344.0,185.72487,0.001266182518005371,39710.2978181839,4833000,-0.0,-0.93187046,0.9644532464444637,0.012491565,0.06154988,0.06154988
1000.0,2042.6741,2,4853,2073.7874,318.0,184.0302,0.0008461989879608154,39810.62955951691,4853000,-0.0,-0.9134714,0.9948052410036325,0.0118248295,0.05774539,0.05774539
1000.0,2038.2295,2,4874,2058.632,282.0,184.9572,0.0004664175033569336,39881.80895137787,4874000,-0.0,-0.94064355,0.982110159471631,0.012887929,0.05073747,0.05073747
1000.0,2044.3772,2,4894,2060.0325,300.0,185.80873,0.00041955866813659666,39928.18797779083,4894000,-0.0,-0.94227904,0.9786012470722198,0.014339602,0.0724365,0.0724365
1000.0,2043.6295,2,4915,2046.8613,318.0,184.80177,0.0003826406955718994,39974.14900183678,4915000,-0.0,-0.91400564,0.9863286083564162,0.012612218,0.05463249,0.05463249
1000.0,2042.8848,2,4935,2035.402,263.0,188.72571,0.000408416748046875,40019.468990802765,4935000,-0.0,-0.9508059,0.9891817755997181,0.011955668,0.05516343,0.05516343
1000.0,2050.0806,2,4956,2046.2292,294.0,186.88208,0.0004109651565551758,40064.89926028252,4956000,-0.0,-0.94952315,0.9878778718411922,0.012508067,0.06472117,0.06472117
1000.0,2051.475,2,4976,2045.1459,270.0,188.66603,0.0003916024208068848,40110.35995030403,4976000,-0.0,-0.93046165,0.9965582198929042,0.011055127,0.06150143,0.06150143
1000.0,2055.2988,2,4997,2070.643,293.0,186.40822,0.0003966507434844971,40155.21415281296,4997000,-0.0,-0.92957664,0.9806369189172983,0.013480455,0.054433778,0.054433778
