AverageReturn,eplenmean,eprewmean,fps,loss/approxkl,loss/clipfrac,loss/policy_entropy,loss/policy_loss,loss/value_loss,misc/explained_variance,misc/nupdates,misc/serial_timesteps,misc/time_elapsed,misc/total_timesteps
-64.50394,1000.0,-64.50394,1324,0.00914045,0.13110352,8.510838,-0.022129552,14.068056,-0.005671143531799316,1,2048,1.5587793048471212,2048
-37.18939675,1000.0,-37.18939675,1326,0.009601598,0.13964844,8.483755,-0.022798575,7.465335,0.04309624433517456,2,4096,3.1035064428579062,4096
-36.4066525,1000.0,-36.4066525,1341,0.008275522,0.113183595,8.457859,-0.021365488,14.503382,0.042478084564208984,3,6144,4.631182545796037,6144
-7.20661975,1000.0,-7.20661975,1332,0.0077451477,0.11206055,8.459504,-0.020611372,13.592476,0.1087501049041748,4,8192,6.169715296942741,8192
-16.1891209,1000.0,-16.1891209,1337,0.009199223,0.13598633,8.468611,-0.024221256,20.77894,0.0692516565322876,5,10240,7.701860305853188,10240
-10.620148583333334,1000.0,-10.620148583333334,1352,0.008982416,0.1303711,8.4670925,-0.023901466,8.614653,0.13936519622802734,6,12288,9.217112798942253,12288
-3.009626428571429,1000.0,-3.009626428571429,1352,0.010486858,0.14609376,8.4525,-0.025295291,8.086882,0.10331308841705322,7,14336,10.73219787189737,14336
-3.692291500000003,1000.0,-3.692291500000003,1352,0.009999266,0.13969727,8.467732,-0.024861358,6.7986946,0.19352543354034424,8,16384,12.247712676879019,16384
-3.442824833333336,1000.0,-3.442824833333336,1343,0.009296389,0.13129883,8.463086,-0.025518099,9.548985,0.1436309814453125,9,18432,13.773543795803562,18432
-3.058371950000003,1000.0,-3.058371950000003,1353,0.009549982,0.14458008,8.458048,-0.024612058,7.412139,0.2451445460319519,10,20480,15.287699051899835,20480
-2.3735812727272756,1000.0,-2.3735812727272756,1338,0.009722586,0.1451172,8.45468,-0.02645759,14.423109,0.154394268989563,11,22528,16.81906778900884,22528
0.15376858333333368,1000.0,0.15376858333333368,1354,0.010361278,0.15146485,8.438632,-0.024632178,7.456173,0.2820480465888977,12,24576,18.332655211910605,24576
1.1341445769230771,1000.0,1.1341445769230771,1350,0.0117201805,0.18115234,8.43607,-0.027317002,3.5494823,0.2374705672264099,13,26624,19.850267614936456,26624
3.0696241071428574,1000.0,3.0696241071428574,1352,0.009019015,0.1331543,8.426112,-0.023924265,7.7263556,0.2012406587600708,14,28672,21.365807050839067,28672
4.820023133333334,1000.0,4.820023133333334,1351,0.01011998,0.14716797,8.386129,-0.027050138,5.698842,0.317107617855072,15,30720,22.881931918906048,30720
7.752289531249998,1000.0,7.752289531249998,1354,0.010693356,0.1605957,8.371028,-0.028788906,6.3795624,0.16984641551971436,16,32768,24.395356462802738,32768
10.91937076470588,1000.0,10.91937076470588,1355,0.011961366,0.18125,8.353736,-0.02992345,4.493024,0.34116166830062866,17,34816,25.907111565815285,34816
15.461882638888888,1000.0,15.461882638888888,1351,0.011858033,0.17304687,8.314241,-0.029935202,9.95866,0.19991129636764526,18,36864,27.424266716931015,36864
22.304720815789473,1000.0,22.304720815789473,1350,0.009841183,0.14829102,8.280203,-0.028077189,6.1680055,0.38322949409484863,19,38912,28.941968275001273,38912
32.00026905,1000.0,32.00026905,1352,0.011557207,0.17089844,8.264284,-0.02890332,6.1176286,0.3010702133178711,20,40960,30.457640063017607,40960
43.51741414999999,1000.0,43.51741414999999,1354,0.00960213,0.13994141,8.238426,-0.025223076,10.209063,0.29070937633514404,21,43008,31.971292015863582,43008
52.656037049999995,1000.0,52.656037049999995,1351,0.008694339,0.12670898,8.198026,-0.02592733,7.1214004,0.340701699256897,22,45056,33.487819229019806,45056
58.98036609999999,1000.0,58.98036609999999,1359,0.01072559,0.15654297,8.173897,-0.030257598,7.2167587,0.22317618131637573,23,47104,34.995192469796166,47104
67.1218413,1000.0,67.1218413,1349,0.009978707,0.15058593,8.167925,-0.02690196,7.330161,0.36518049240112305,24,49152,36.51413054089062,49152
76.891956075,1000.0,76.891956075,1354,0.01215959,0.17597656,8.146442,-0.03130814,7.6919007,0.22993475198745728,25,51200,38.02707609999925,51200
82.30418077499999,1000.0,82.30418077499999,1351,0.010918893,0.15966797,8.111011,-0.030592596,12.541479,0.14549696445465088,26,53248,39.544024779926986,53248
91.40782414999998,1000.0,91.40782414999998,1356,0.012996441,0.18276367,8.049686,-0.034234144,8.145513,0.35749250650405884,27,55296,41.054791231872514,55296
103.61572145,1000.0,103.61572145,1353,0.009149942,0.13149413,8.009321,-0.026383597,11.744643,0.3032785654067993,28,57344,42.569311243947595,57344
116.540534775,1000.0,116.540534775,1356,0.010537167,0.16450195,7.993983,-0.03188338,10.646901,0.2978672385215759,29,59392,44.080402008024976,59392
128.88597805,1000.0,128.88597805,1350,0.011956851,0.17246094,7.958493,-0.03320772,13.235916,0.27154290676116943,30,61440,45.59796322486363,61440
144.2756895,1000.0,144.2756895,1339,0.012119772,0.18364258,7.9179296,-0.035877842,16.102558,0.21063894033432007,31,63488,47.1278517448809,63488
160.4476666,1000.0,160.4476666,1352,0.010477716,0.16030273,7.9012504,-0.02978996,17.909134,0.23251426219940186,32,65536,48.643275955924764,65536
176.519763925,1000.0,176.519763925,1357,0.011705306,0.17490235,7.8746233,-0.031629704,17.311924,0.3492738604545593,33,67584,50.15261375694536,67584
193.38626340000002,1000.0,193.38626340000002,1355,0.011999579,0.1737793,7.828229,-0.033268604,18.093016,0.21738797426223755,34,69632,51.66440628701821,69632
210.177438925,1000.0,210.177438925,1350,0.011699633,0.1796875,7.78,-0.033651456,22.749407,0.38125520944595337,35,71680,53.18220037780702,71680
228.91065172500004,1000.0,228.91065172500004,1351,0.012054393,0.17851563,7.7300515,-0.03540317,22.447033,0.2678253650665283,36,73728,54.69819838600233,73728
243.63561554999995,1000.0,243.63561554999995,1353,0.012817524,0.18955079,7.6617684,-0.035065204,29.494238,0.2564692497253418,37,75776,56.211930610938,75776
264.093676825,1000.0,264.093676825,1351,0.012548504,0.19135742,7.6154847,-0.03632247,30.495459,0.3893721103668213,38,77824,57.72814555396326,77824
283.5187997,1000.0,283.5187997,1355,0.0121500585,0.17558594,7.5725303,-0.03480559,40.347557,0.2551591992378235,39,79872,59.24055715580471,79872
296.44046387500003,1000.0,296.44046387500003,1352,0.011612276,0.16958007,7.5159264,-0.035264336,39.05349,0.3052433729171753,40,81920,60.75569245079532,81920
331.200149725,1000.0,331.200149725,1355,0.012814479,0.18867187,7.49431,-0.03625893,54.09187,0.3211037516593933,41,83968,62.268196461955085,83968
354.80536055000005,1000.0,354.80536055000005,1351,0.015015553,0.22045898,7.447338,-0.039104044,47.60124,0.30818772315979004,42,86016,63.784641169942915,86016
378.792207775,1000.0,378.792207775,1355,0.013917183,0.19672851,7.37435,-0.038291927,53.004223,0.3169739842414856,43,88064,65.2968279728666,88064
404.982388725,1000.0,404.982388725,1356,0.011230341,0.15678711,7.3412642,-0.03310306,55.644897,0.3133063316345215,44,90112,66.80724349291995,90112
424.681276325,1000.0,424.681276325,1349,0.010932613,0.16166992,7.307634,-0.031613007,54.94787,0.35723596811294556,45,92160,68.32603685581125,92160
458.91791457500005,1000.0,458.91791457500005,1353,0.016388416,0.21577148,7.265783,-0.041357573,66.57853,0.3003612756729126,46,94208,69.84067398193292,94208
487.03276132499997,1000.0,487.03276132499997,1354,0.012779787,0.17373046,7.1935134,-0.033603925,75.265656,0.20007461309432983,47,96256,71.35377308889292,96256
514.65209055,1000.0,514.65209055,1348,0.0122823985,0.17436524,7.148425,-0.031626098,74.07191,0.26401805877685547,48,98304,72.87323812884279,98304
540.793103575,1000.0,540.793103575,1349,0.012381592,0.16918945,7.124663,-0.03269505,75.20851,0.31054186820983887,49,100352,74.39245480997488,100352
567.9535764750001,1000.0,567.9535764750001,1335,0.012209587,0.17368165,7.0819387,-0.032290325,85.77391,0.33776700496673584,50,102400,75.92645558482036,102400
594.061536425,1000.0,594.061536425,1355,0.012419071,0.17792968,7.0464563,-0.032642353,73.69926,0.37304937839508057,51,104448,77.4412218988873,104448
622.8996523,1000.0,622.8996523,1350,0.013383227,0.18745117,7.0164056,-0.035282563,96.185486,0.3456931710243225,52,106496,78.95857441192493,106496
650.117509825,1000.0,650.117509825,1352,0.013874796,0.19873047,6.9653115,-0.03320055,97.103386,0.33515918254852295,53,108544,80.47380888997577,108544
676.550866175,1000.0,676.550866175,1354,0.012594515,0.17729492,6.9013414,-0.032989033,84.97546,0.3758457899093628,54,110592,81.9873815739993,110592
700.4502053250001,1000.0,700.4502053250001,1353,0.013285816,0.18076172,6.857769,-0.033475563,98.52596,0.4353675842285156,55,112640,83.50138457491994,112640
731.4701726999999,1000.0,731.4701726999999,1353,0.01289569,0.1809082,6.8149543,-0.031243255,101.71485,0.33508723974227905,56,114688,85.01608028984629,114688
755.96275255,1000.0,755.96275255,1354,0.012077477,0.16953126,6.7729635,-0.032063026,87.12453,0.29629433155059814,57,116736,86.52875103196129,116736
777.91411325,1000.0,777.91411325,1352,0.011262802,0.1661621,6.7386236,-0.033257596,106.48832,0.3937023878097534,58,118784,88.0436523258686,118784
809.9999813750001,1000.0,809.9999813750001,1354,0.013406334,0.19487305,6.7085724,-0.03490781,108.08041,0.41477829217910767,59,120832,89.55714435991831,120832
834.6745464749999,1000.0,834.6745464749999,1349,0.011475837,0.1546875,6.684176,-0.030456439,117.42961,0.43172532320022583,60,122880,91.07631022389978,122880
852.2552012250001,1000.0,852.2552012250001,1347,0.013781498,0.19541016,6.654962,-0.032498248,120.6274,0.43169140815734863,61,124928,92.59753554593772,124928
886.084361425,1000.0,886.084361425,1354,0.012770915,0.17993164,6.6189117,-0.030455345,112.52809,0.43260449171066284,62,126976,94.11085282685235,126976
904.127399675,1000.0,904.127399675,1281,0.014737479,0.21074219,6.5609465,-0.0295915,107.271225,0.3005028963088989,63,129024,95.71046177484095,129024
927.87946605,1000.0,927.87946605,1347,0.014018019,0.19672851,6.509842,-0.030559216,110.795105,0.4373199939727783,64,131072,97.23137972480617,131072
944.6633585,1000.0,944.6633585,1350,0.014741914,0.20361328,6.4856224,-0.031945698,112.59764,0.4556211233139038,65,133120,98.74841822381131,133120
963.5690556249999,1000.0,963.5690556249999,1358,0.01417887,0.18486328,6.4625816,-0.027698006,119.2809,0.453945517539978,66,135168,100.25712133687921,135168
979.2157799749999,1000.0,979.2157799749999,1356,0.014303302,0.1932129,6.4482675,-0.029903501,126.63147,0.4708494544029236,67,137216,101.76751763490029,137216
997.88010135,1000.0,997.88010135,1351,0.012531658,0.17485352,6.4196496,-0.027465707,122.912766,0.5093233287334442,68,139264,103.28438070882112,139264
1012.2657478500001,1000.0,1012.2657478500001,1352,0.012585784,0.18032226,6.3913717,-0.027015567,136.00677,0.5123094022274017,69,141312,104.80023170495406,141312
1026.8319660000002,1000.0,1026.8319660000002,1332,0.01458102,0.2040039,6.3655686,-0.028765017,123.16838,0.5515851378440857,70,143360,106.33792693400756,143360
1045.17688385,1000.0,1045.17688385,1354,0.01413667,0.1918457,6.344359,-0.026489582,131.54417,0.5054809749126434,71,145408,107.85080228489824,145408
1052.272944375,1000.0,1052.272944375,1355,0.013046855,0.1786621,6.3114233,-0.028843964,117.36383,0.5904392600059509,72,147456,109.36291977297515,147456
1064.441408225,1000.0,1064.441408225,1337,0.014834684,0.20239258,6.274535,-0.027951846,126.31647,0.3946928381919861,73,149504,110.89504793495871,149504
1079.95771965,1000.0,1079.95771965,1350,0.0150227565,0.20893554,6.255098,-0.025639866,130.42313,0.41059815883636475,74,151552,112.41212717699818,151552
1093.4439605750001,1000.0,1093.4439605750001,1358,0.015743297,0.21171875,6.226537,-0.028800106,132.32806,0.4781244993209839,75,153600,113.92077557882294,153600
1106.41395785,1000.0,1106.41395785,1352,0.014717217,0.20576172,6.1948323,-0.026238415,146.22585,0.4240197539329529,76,155648,115.43568130186759,155648
1124.359552725,1000.0,1124.359552725,1345,0.01351965,0.19018555,6.1728024,-0.028168386,127.74278,0.45751529932022095,77,157696,116.95917904283851,157696
1136.2134001250001,1000.0,1136.2134001250001,1356,0.01747854,0.23520508,6.1368446,-0.029496888,138.40213,0.373251736164093,78,159744,118.46971816197038,159744
1148.34110895,1000.0,1148.34110895,1349,0.014233028,0.2006836,6.0953016,-0.02579324,146.21384,0.5292357802391052,79,161792,119.98805303801782,161792
1163.615755925,1000.0,1163.615755925,1354,0.015589026,0.21933594,6.0913076,-0.026907096,134.02402,0.4389553666114807,80,163840,121.50114150787704,163840
1171.5184527249999,1000.0,1171.5184527249999,1350,0.015700188,0.2133789,6.082396,-0.025762398,119.37059,0.4013092517852783,81,165888,123.01880008587614,165888
1179.5831271499999,1000.0,1179.5831271499999,1353,0.015527403,0.21850586,6.068885,-0.02498035,131.97635,0.48242002725601196,82,167936,124.53352341498248,167936
1198.6892982,1000.0,1198.6892982,1355,0.014283282,0.19790038,6.063792,-0.02205024,126.30699,0.4971238970756531,83,169984,126.04534135898575,169984
1206.9906966499998,1000.0,1206.9906966499998,1350,0.013183048,0.17563477,6.0576644,-0.026290607,119.77704,0.5677257180213928,84,172032,127.56241649994627,172032
1219.3513443,1000.0,1219.3513443,1354,0.018299574,0.2397461,6.0244393,-0.027185181,137.36142,0.5834597945213318,85,174080,129.07588299480267,174080
1227.5163558749998,1000.0,1227.5163558749998,1356,0.016351204,0.22109374,5.991473,-0.025325304,122.38765,0.45246756076812744,86,176128,130.5873726119753,176128
1234.4947933750002,1000.0,1234.4947933750002,1349,0.014502758,0.20590821,5.9980803,-0.017584246,119.4207,0.4288128614425659,87,178176,132.10576379601844,178176
1247.681044425,1000.0,1247.681044425,1352,0.017709147,0.24165039,5.993309,-0.021485632,143.0801,0.5367582142353058,88,180224,133.62151590688154,180224
1254.5650272999999,1000.0,1254.5650272999999,1348,0.013212083,0.1805664,5.978046,-0.023066273,127.32351,0.5805783867835999,89,182272,135.1417931909673,182272
1262.6210231500002,1000.0,1262.6210231500002,1349,0.020420387,0.24780273,5.9714766,-0.027846063,121.176186,0.5134382247924805,90,184320,136.65988826588728,184320
1267.999664025,1000.0,1267.999664025,1355,0.015036334,0.20175782,5.9711933,-0.026969831,108.77688,0.5786990821361542,91,186368,138.17125563579611,186368
1277.874544875,1000.0,1277.874544875,1351,0.015764449,0.21694335,5.9676266,-0.016564604,110.934364,0.43361228704452515,92,188416,139.68765633995645,188416
1285.679616075,1000.0,1285.679616075,1358,0.017789548,0.23828125,5.9587197,-0.019713584,115.31124,0.5367677509784698,93,190464,141.19686566386372,190464
1293.61960935,1000.0,1293.61960935,1348,0.019227337,0.21879883,5.9282427,-0.026018683,112.70963,0.6480581760406494,94,192512,142.71702987584285,192512
1298.0127196,1000.0,1298.0127196,1357,0.017652953,0.24106446,5.9050856,-0.016645113,128.94307,0.5058248341083527,95,194560,144.226983260829,194560
1296.994977425,1000.0,1296.994977425,1355,0.014691579,0.19472656,5.887903,-0.023304656,104.31096,0.49968767166137695,96,196608,145.7391034020111,196608
1304.911547575,1000.0,1304.911547575,1352,0.015807578,0.19604492,5.8912177,-0.023562748,110.62772,0.6562477946281433,97,198656,147.25429073395208,198656
1302.7297842,1000.0,1302.7297842,1352,0.018737141,0.25322264,5.880557,-0.022970531,106.80839,0.39927923679351807,98,200704,148.76952721481211,200704
1303.738111175,1000.0,1303.738111175,1355,0.0173225,0.23237304,5.8565907,-0.02032896,118.49827,0.590644896030426,99,202752,150.281043977011,202752
1310.59226875,1000.0,1310.59226875,1359,0.0213399,0.2705078,5.826541,-0.01746049,113.75224,0.6688711047172546,100,204800,151.78884981689043,204800
1315.124639425,1000.0,1315.124639425,1346,0.011873047,0.16757813,5.797059,-0.016453464,83.58641,0.7126927673816681,101,206848,153.31072006979957,206848
1291.48864065,1000.0,1291.48864065,1355,0.022774767,0.29052734,5.760167,-0.020792207,112.219444,0.37893569469451904,102,208896,154.82280430779792,208896
1297.41301325,1000.0,1297.41301325,1354,0.019297685,0.24033204,5.740665,-0.015276204,111.42086,0.6291942298412323,103,210944,156.33586348895915,210944
1307.17303505,1000.0,1307.17303505,1353,0.014137077,0.18125,5.741742,-0.015819686,121.77468,0.6539686918258667,104,212992,157.8497862459626,212992
1303.138607425,1000.0,1303.138607425,1357,0.0171156,0.2152832,5.742569,-0.02154364,97.45921,0.5889419615268707,105,215040,159.359584470978,215040
1308.7268003499998,1000.0,1308.7268003499998,1355,0.015997458,0.21381836,5.7499933,-0.01986255,108.110146,0.6344419121742249,106,217088,160.8715599467978,217088
1311.1537116499999,1000.0,1311.1537116499999,1354,0.02087941,0.2647461,5.734304,-0.014888507,106.05493,0.46151024103164673,107,219136,162.38482042890973,219136
1311.811444275,1000.0,1311.811444275,1356,0.018541828,0.24472657,5.7189403,-0.016624834,102.929276,0.5726386606693268,108,221184,163.89545685681514,221184
1316.34948635,1000.0,1316.34948635,1351,0.012181065,0.16694336,5.7121024,-0.017917346,93.45705,0.6948577463626862,109,223232,165.41169268195517,223232
1311.3367989,1000.0,1311.3367989,1345,0.017223468,0.22026367,5.70658,-0.022741318,98.524185,0.5342121124267578,110,225280,166.93532492499799,225280
1276.494418325,1000.0,1276.494418325,1342,0.02286206,0.27646485,5.696533,-0.018554674,68.05712,0.7901173979043961,111,227328,168.46180097782053,227328
1279.9388933750001,1000.0,1279.9388933750001,1351,0.013674887,0.19707032,5.6795273,-0.01884803,84.34415,0.7789410054683685,112,229376,169.97848778381012,229376
1250.3649125749998,1000.0,1250.3649125749998,1352,0.014168488,0.18945312,5.6986203,-0.024567133,89.42831,0.7458893954753876,113,231424,171.4940357399173,231424
1254.331671875,1000.0,1254.331671875,1349,0.017924538,0.24243164,5.7056146,-0.011373918,89.6075,0.5691170692443848,114,233472,173.01216912898235,233472
1254.373607125,1000.0,1254.373607125,1354,0.018150244,0.23964843,5.690139,-0.011990772,89.96426,0.621307760477066,115,235520,174.52548331487924,235520
1258.381920375,1000.0,1258.381920375,1344,0.01219841,0.17705078,5.6806064,-0.014188808,72.39864,0.8054480254650116,116,237568,176.0501943398267,237568
1224.598777625,1000.0,1224.598777625,1344,0.016965883,0.22705078,5.651429,-0.017715454,72.29249,0.8184054791927338,117,239616,177.57460254593752,239616
1211.6748499999999,1000.0,1211.6748499999999,1357,0.02330022,0.2930664,5.63052,-0.018572759,94.9104,0.36802828311920166,118,241664,179.08442875696346,241664
1176.844276375,1000.0,1176.844276375,1339,0.019420076,0.2505371,5.620958,-0.013175301,64.16572,0.8180526196956635,119,243712,180.6150246039033,243712
1176.352480175,1000.0,1176.352480175,1356,0.019615661,0.25639647,5.638634,-0.014222997,87.555405,0.5892759263515472,120,245760,182.12564277788624,245760
1207.1017980499998,1000.0,1207.1017980499998,1347,0.022475353,0.2815918,5.636575,-0.009636392,87.95056,0.6377691626548767,121,247808,183.64659296581522,247808
1170.12011425,1000.0,1170.12011425,1340,0.0198264,0.26215822,5.6176915,-0.017073056,70.855156,0.815638542175293,122,249856,185.1749590509571,249856
1169.150368725,1000.0,1169.150368725,1356,0.015712027,0.20395508,5.59687,-0.016189225,82.82224,0.5849405229091644,123,251904,186.68541871081106,251904
1173.6392877499998,1000.0,1173.6392877499998,1348,0.015290566,0.20844726,5.584633,-0.011185909,87.01405,0.7402126491069794,124,253952,188.2052548499778,253952
1181.0170706249999,1000.0,1181.0170706249999,1348,0.02237344,0.28168947,5.5775046,-0.015683293,88.92263,0.7595144510269165,125,256000,189.72526070289314,256000
1143.094311375,1000.0,1143.094311375,1336,0.018830258,0.25615233,5.5614796,-0.02148456,65.979,0.8313528299331665,126,258048,191.2583038348239,258048
1123.55608845,1000.0,1123.55608845,1340,0.012050244,0.16918945,5.56029,-0.020947926,76.84699,0.7881768047809601,127,260096,192.78695721598342,260096
1123.386199075,1000.0,1123.386199075,1352,0.014053704,0.1788086,5.582923,-0.015705127,71.72124,0.7863382399082184,128,262144,194.3019117489457,262144
1117.396500475,1000.0,1117.396500475,1341,0.01874443,0.24208984,5.585582,-0.02325506,80.633,0.8064989000558853,129,264192,195.82909085298888,264192
1122.836483675,1000.0,1122.836483675,1341,0.019819116,0.2409668,5.5704083,-0.0131326495,75.69071,0.7107009887695312,130,266240,197.35716591682285,266240
1162.3623045999998,1000.0,1162.3623045999998,1351,0.013210624,0.18061523,5.5606585,-0.01967575,77.01475,0.7769640237092972,131,268288,198.87363788182847,268288
1177.244793225,1000.0,1177.244793225,1350,0.017404987,0.22836915,5.5420537,-0.021089066,75.666855,0.8231180906295776,132,270336,200.39140700292774,270336
1166.812021125,1000.0,1166.812021125,1307,0.01663046,0.22275391,5.5233164,-0.020902878,80.7823,0.729678213596344,133,272384,201.9587578449864,272384
1164.32024895,1000.0,1164.32024895,1352,0.022624528,0.26958007,5.5321264,-0.016391624,83.723595,0.6623396277427673,134,274432,203.474123819964,274432
1164.338706125,1000.0,1164.338706125,1352,0.01685742,0.21469727,5.5385156,-0.01981519,77.807106,0.765175998210907,135,276480,204.98973170202225,276480
1208.250779775,1000.0,1208.250779775,1349,0.024013082,0.29960936,5.5203514,-0.008845053,79.1109,0.7531764507293701,136,278528,206.50907058292069,278528
1227.9501104249998,1000.0,1227.9501104249998,1341,0.024076937,0.29252928,5.5139384,-0.010564926,78.88445,0.7823755741119385,137,280576,208.03684907685965,280576
1231.361870825,1000.0,1231.361870825,1352,0.022354927,0.2821289,5.51209,-0.008729954,76.99873,0.8307271599769592,138,282624,209.55209104390815,282624
1272.66519535,1000.0,1272.66519535,1349,0.029905777,0.33129883,5.4984446,-0.014331512,72.78586,0.6232395172119141,139,284672,211.0702937839087,284672
1270.2436545,1000.0,1270.2436545,1348,0.015382093,0.20610352,5.4985514,-0.015002659,85.84752,0.704867959022522,140,286720,212.59001367585734,286720
1274.112591125,1000.0,1274.112591125,1344,0.024958935,0.29384765,5.507432,-0.008275993,68.993706,0.7718656361103058,141,288768,214.11379658291116,288768
1314.06868335,1000.0,1314.06868335,1350,0.015236418,0.19799805,5.5138903,-0.013564119,68.00964,0.613043874502182,142,290816,215.63117193290964,290816
1312.3459833250001,1000.0,1312.3459833250001,1356,0.01897112,0.24848633,5.4932585,-0.018847913,80.590164,0.45647960901260376,143,292864,217.14179588388652,292864
1309.560698075,1000.0,1309.560698075,1353,0.014556524,0.18754883,5.4812174,-0.022862244,78.91814,0.7873402535915375,144,294912,218.65619138581678,294912
1305.4744104,1000.0,1305.4744104,1349,0.016324457,0.22294922,5.4815345,-0.015018883,76.767944,0.5967476963996887,145,296960,220.17554230196401,296960
1350.6069940500001,1000.0,1350.6069940500001,1352,0.029429445,0.32905275,5.4875293,-0.009254938,72.065384,0.808618351817131,146,299008,221.69102468388155,299008
1372.17670125,1000.0,1372.17670125,1354,0.024965826,0.2911133,5.501636,-0.0053496836,63.805805,0.7747414410114288,147,301056,223.20416107284836,301056
1394.729754275,1000.0,1394.729754275,1348,0.024536539,0.2965332,5.4560275,-0.011817979,68.30727,0.832405149936676,148,303104,224.72369132190943,303104
1396.2426546499998,1000.0,1396.2426546499998,1324,0.027020875,0.31230468,5.438107,-0.008580921,64.31415,0.7641813457012177,149,305152,226.27115574898198,305152
1397.152576,1000.0,1397.152576,1351,0.019979326,0.24516602,5.4490275,-0.017169816,69.1699,0.682775467634201,150,307200,227.79154422599822,307200
1411.915617825,1000.0,1411.915617825,1352,0.0366221,0.37192383,5.467786,-0.00024336812,73.17941,0.8639979958534241,151,309248,229.30678108194843,309248
1428.7813565000001,1000.0,1428.7813565000001,1354,0.01572745,0.20683594,5.479042,-0.017979052,70.28601,0.7711260616779327,152,311296,230.8201192379929,311296
1432.0898406249999,1000.0,1432.0898406249999,1349,0.025601199,0.30791014,5.4912443,-0.00538803,78.5358,0.5612613260746002,153,313344,232.33941353391856,313344
1436.6929194250001,1000.0,1436.6929194250001,1349,0.017043399,0.20712891,5.4983025,-0.017212225,66.03345,0.8459315598011017,154,315392,233.85815994883887,315392
1429.1633727250003,1000.0,1429.1633727250003,1354,0.027916629,0.31757814,5.507186,-0.0138238575,74.30499,0.4384315609931946,155,317440,235.37107684393413,317440
1424.787372725,1000.0,1424.787372725,1343,0.027625313,0.30878907,5.4988894,-0.012585787,68.88635,0.6498328447341919,156,319488,236.89763140282594,319488
1428.251331075,1000.0,1428.251331075,1354,0.018755648,0.22329101,5.4975157,-0.010925845,63.18336,0.877101480960846,157,321536,238.41116641601548,321536
1429.933090775,1000.0,1429.933090775,1352,0.02186023,0.26513672,5.4886265,-0.013833085,60.397034,0.8011644780635834,158,323584,239.92626014584675,323584
1431.008042925,1000.0,1431.008042925,1353,0.021919306,0.2697754,5.499873,-0.014680277,61.40797,0.6816079914569855,159,325632,241.44069607090205,325632
1432.745761675,1000.0,1432.745761675,1349,0.0235959,0.29902345,5.489566,-0.020890642,67.31276,0.6067047119140625,160,327680,242.95960638695396,327680
1437.718446625,1000.0,1437.718446625,1352,0.019771297,0.24980469,5.4748383,-0.0110251885,56.342567,0.8610966205596924,161,329728,244.4749052748084,329728
1439.117184275,1000.0,1439.117184275,1353,0.021972159,0.2836426,5.4641457,-0.018495526,60.197876,0.529179722070694,162,331776,245.9888409220148,331776
1441.5909320750002,1000.0,1441.5909320750002,1343,0.018685978,0.23569337,5.4624887,-0.014762697,58.647804,0.7810592353343964,163,333824,247.51444577402435,333824
1452.39009875,1000.0,1452.39009875,1350,0.025564069,0.307666,5.4497824,-0.012253291,54.85801,0.8400944173336029,164,335872,249.03221200802363,335872
1454.8372277,1000.0,1454.8372277,1354,0.020691192,0.2632324,5.4241953,-0.016764734,57.065083,0.8038002103567123,165,337920,250.54524805396795,337920
1456.691202175,1000.0,1456.691202175,1345,0.020288574,0.25795898,5.4068437,-0.0061368067,59.513176,0.8184244632720947,166,339968,252.06826159288175,339968
1458.7637859499998,1000.0,1458.7637859499998,1347,0.022547368,0.286084,5.4038935,-0.014213739,50.799534,0.8993863165378571,167,342016,253.58966601989232,342016
1460.5732426999998,1000.0,1460.5732426999998,1352,0.022178065,0.28295898,5.3863072,-0.010269335,51.483345,0.8044045269489288,168,344064,255.1052379689645,344064
1465.98082675,1000.0,1465.98082675,1338,0.024247767,0.28950197,5.393033,-0.014551016,53.602234,0.8661958277225494,169,346112,256.6361917760223,346112
1472.8693946,1000.0,1472.8693946,1350,0.02356167,0.28413087,5.3862486,-0.011984778,52.82261,0.9440037533640862,170,348160,258.1542770548258,348160
1472.38197235,1000.0,1472.38197235,1355,0.022296226,0.2746582,5.3597083,-0.008939294,50.56457,0.8351136595010757,171,350208,259.66628747596405,350208
1486.7711614250002,1000.0,1486.7711614250002,1354,0.021685997,0.27954102,5.334092,-0.010813092,51.116432,0.920543260872364,172,352256,261.17950333701447,352256
1489.297630625,1000.0,1489.297630625,1352,0.01747049,0.20263672,5.330619,-0.014916656,53.512794,0.8078179955482483,173,354304,262.6948012949433,354304
1499.386047975,1000.0,1499.386047975,1354,0.015185873,0.20478515,5.328068,-0.01694056,64.066086,0.5962164402008057,174,356352,264.2081537588965,356352
1505.3121293749998,1000.0,1505.3121293749998,1351,0.027978998,0.31210938,5.3399477,-0.008218372,51.723503,0.8424560725688934,175,358400,265.7239992718678,358400
1505.5545705250001,1000.0,1505.5545705250001,1347,0.02148965,0.27207032,5.3421793,-0.015588984,54.13125,0.619852602481842,176,360448,267.2453051749617,360448
1506.7741801749999,1000.0,1506.7741801749999,1351,0.027003963,0.309375,5.3531547,-0.010738997,48.257545,0.7776304930448532,177,362496,268.76157508883625,362496
1509.0871745,1000.0,1509.0871745,1354,0.026175583,0.30390626,5.3466854,-0.009071134,41.263783,0.8652016669511795,178,364544,270.27450689999387,364544
1510.698023375,1000.0,1510.698023375,1351,0.034602843,0.35795897,5.307257,-0.0143024875,60.265114,0.4874688982963562,179,366592,271.7907062689774,366592
1511.6039799,1000.0,1511.6039799,1352,0.035050295,0.36523438,5.280646,-0.0106745865,52.02226,0.6626450717449188,180,368640,273.3056429279968,368640
1515.8354335,1000.0,1515.8354335,1351,0.021589862,0.26245117,5.269948,-0.0043935208,55.2248,0.9087434783577919,181,370688,274.82150295889005,370688
1521.5957891,1000.0,1521.5957891,1355,0.018505784,0.22719726,5.273664,-0.015710784,45.12686,0.8577958941459656,182,372736,276.33372530387715,372736
1515.086886175,1000.0,1515.086886175,1353,0.029633785,0.323291,5.283751,-0.011931783,60.660725,0.5894223153591156,183,374784,277.8485009758733,374784
1518.5852285,1000.0,1518.5852285,1352,0.017119978,0.22709961,5.27622,-0.017113991,39.36973,0.915671281516552,184,376832,279.36426276690327,376832
1519.4312550500001,1000.0,1519.4312550500001,1354,0.022909064,0.2727539,5.2729793,-0.011538322,48.129265,0.7309235632419586,185,378880,280.87780698388815,378880
1522.0498615000001,1000.0,1522.0498615000001,1356,0.02726373,0.29624024,5.2615194,-0.0068879975,33.646847,0.9200756475329399,186,380928,282.388384004822,380928
1522.7468334500002,1000.0,1522.7468334500002,1351,0.026320064,0.31523436,5.223267,-0.016973943,48.82833,0.7599988281726837,187,382976,283.90438848081976,382976
1522.376469475,1000.0,1522.376469475,1354,0.02404489,0.27690428,5.189097,-0.015710257,38.34137,0.8990841507911682,188,385024,285.41724128089845,385024
1504.68712555,1000.0,1504.68712555,1343,0.026545176,0.28310546,5.1781836,-0.021730095,90.93523,0.7593574225902557,189,387072,286.9425585749559,387072
1481.6683197999998,1000.0,1481.6683197999998,1351,0.018907866,0.23842773,5.1779404,-0.021201253,74.908005,0.7843204289674759,190,389120,288.45897351088934,389120
1481.2175472,1000.0,1481.2175472,1354,0.024528537,0.2953125,5.1674094,-0.020774378,38.108665,0.8169180899858475,191,391168,289.97172754397616,391168
1475.337566925,1000.0,1475.337566925,1353,0.020793041,0.2519043,5.149278,-0.017886026,52.216816,0.6056261956691742,192,393216,291.4864197468851,393216
1480.263051275,1000.0,1480.263051275,1347,0.018081348,0.23085937,5.1443243,-0.022686357,52.724236,0.8502027988433838,193,395264,293.0078665949404,395264
1472.509148725,1000.0,1472.509148725,1266,0.027097795,0.30737305,5.126235,-0.01333691,62.269,0.6379758417606354,194,397312,294.6255700958427,397312
1445.0444352999998,1000.0,1445.0444352999998,968,0.029843494,0.29208985,5.0910654,-0.019518672,95.54345,0.5737577974796295,195,399360,296.7417227579281,399360
1441.582589725,1000.0,1441.582589725,1151,0.03135873,0.35048828,5.0692453,-0.010015837,57.571495,0.6043503880500793,196,401408,298.52255039289594,401408
1443.123319675,1000.0,1443.123319675,1289,0.02191343,0.26450196,5.0806036,-0.022729922,42.919518,0.8374853730201721,197,403456,300.11185691389255,403456
1441.7809468249998,1000.0,1441.7809468249998,1358,0.02545249,0.30219728,5.084644,-0.018396081,47.886993,0.7261042594909668,198,405504,301.62058930681087,405504
1446.4799220499997,1000.0,1446.4799220499997,1351,0.019891385,0.2569336,5.0726957,-0.01056964,43.467873,0.8980014473199844,199,407552,303.1378352539614,407552
1449.0599685499997,1000.0,1449.0599685499997,1325,0.030564025,0.3375,5.072945,-0.011402772,43.895206,0.7798532992601395,200,409600,304.6848339198623,409600
1450.2891809500002,1000.0,1450.2891809500002,1339,0.015501124,0.20825195,5.065993,-0.0143775465,33.96283,0.9409715160727501,201,411648,306.2149765328504,411648
1457.4440268499998,1000.0,1457.4440268499998,1339,0.024518533,0.2875,5.0646863,-0.012132155,45.08792,0.795041024684906,202,413696,307.74475628789514,413696
1455.129523625,1000.0,1455.129523625,1347,0.033312805,0.35141602,5.0767817,-0.019216219,44.715954,0.7296092212200165,203,415744,309.2657215090003,415744
1455.802992125,1000.0,1455.802992125,1349,0.021523302,0.27324218,5.0713387,-0.018527856,42.034588,0.8296557515859604,204,417792,310.7848385779653,417792
1456.38354765,1000.0,1456.38354765,1348,0.019392317,0.24545899,5.0627437,-0.019289318,39.720253,0.8893270492553711,205,419840,312.3043087539263,419840
1453.705365,1000.0,1453.705365,1348,0.019931076,0.24438477,5.0469866,-0.018449737,49.626904,0.7229909300804138,206,421888,313.82461432996206,421888
1453.210651225,1000.0,1453.210651225,1355,0.029930558,0.332959,5.0129285,-0.021330161,41.69599,0.767214298248291,207,423936,315.33633356401697,423936
1439.704684525,1000.0,1439.704684525,1316,0.023244044,0.28632814,4.996076,-0.020989059,98.96938,0.5075200796127319,208,425984,316.8937886278145,425984
1480.3641985999998,1000.0,1480.3641985999998,1356,0.01319703,0.17128906,4.9835005,-0.01598056,32.67459,0.923730805516243,209,428032,318.40497620985843,428032
1478.9788488250001,1000.0,1478.9788488250001,1352,0.021330832,0.27690428,4.974708,-0.01679972,56.020782,0.8567906469106674,210,430080,319.92006524582393,430080
1485.677683575,1000.0,1485.677683575,1351,0.018685374,0.24506836,4.966797,-0.018782452,29.416454,0.9729391187429428,211,432128,321.4361022908706,432128
1482.7060285,1000.0,1482.7060285,1354,0.0130944755,0.15483399,4.957986,-0.018140588,44.903034,0.8445418626070023,212,434176,322.94949321984313,434176
1485.147242,1000.0,1485.147242,1347,0.028188318,0.32216796,4.9617004,-0.015001317,49.460224,0.6574945449829102,213,436224,324.47065628599375,436224
1481.759618175,1000.0,1481.759618175,1352,0.019453958,0.24692383,4.9473743,-0.010784754,29.382742,0.8947364091873169,214,438272,325.98600283591077,438272
1519.0138737749999,1000.0,1519.0138737749999,1349,0.02107853,0.26186523,4.923856,-0.023655012,30.937138,0.971223434433341,215,440320,327.50414987583645,440320
1518.2641675,1000.0,1518.2641675,1349,0.013108538,0.17617187,4.894442,-0.020582974,29.01392,0.9094030633568764,216,442368,329.0234825529624,442368
1518.134853075,1000.0,1518.134853075,1355,0.03218486,0.3290039,4.877507,-0.0131502105,46.52399,0.8287351876497269,217,444416,330.53577458602376,444416
1520.9055118749998,1000.0,1520.9055118749998,1355,0.018161956,0.23081055,4.8723593,-0.016491193,26.592905,0.9682004563510418,218,446464,332.04777133697644,446464
1520.3137937,1000.0,1520.3137937,1342,0.022992447,0.2758301,4.865516,-0.0157534,26.278072,0.9473911635577679,219,448512,333.5739520150237,448512
1518.5818755249998,1000.0,1518.5818755249998,1353,0.019093756,0.2434082,4.859977,-0.016427863,25.254637,0.960061464458704,220,450560,335.0884565648157,450560
1522.5410209249999,1000.0,1522.5410209249999,1353,0.03370016,0.35063475,4.8580995,-0.014717264,26.559795,0.9598359949886799,221,452608,336.6025989719201,452608
1525.767335375,1000.0,1525.767335375,1351,0.016530091,0.21845703,4.852769,-0.021774052,28.671885,0.9695570133626461,222,454656,338.118861800991,454656
1530.71018835,1000.0,1530.71018835,1351,0.037507653,0.37841797,4.842267,-0.017414939,29.101233,0.9750644583255053,223,456704,339.63524437788874,456704
1532.07973635,1000.0,1532.07973635,1353,0.017032528,0.2296875,4.842372,-0.012247488,28.327534,0.9533970430493355,224,458752,341.15008916379884,458752
1534.01702655,1000.0,1534.01702655,1352,0.021589056,0.25771484,4.838123,-0.019197207,24.21574,0.9766302481293678,225,460800,342.6656995078083,460800
1539.099576125,1000.0,1539.099576125,1351,0.012649094,0.18247071,4.846545,-0.018437507,28.342825,0.9367565959692001,226,462848,344.1819416868966,462848
1546.2256253,1000.0,1546.2256253,1354,0.03244845,0.3503906,4.834857,-0.009892285,28.531927,0.975248359143734,227,464896,345.69455726398155,464896
1557.2351021999998,1000.0,1557.2351021999998,1344,0.022041816,0.26577148,4.815732,-0.017052876,42.902733,0.8875640630722046,228,466944,347.21914718090557,466944
1566.3690745,1000.0,1566.3690745,1344,0.017607747,0.22158203,4.816362,-0.014239955,25.745937,0.9761580303311348,229,468992,348.74362681480125,468992
1568.1926108,1000.0,1568.1926108,1352,0.030922357,0.33945313,4.830742,-0.013711606,24.084194,0.9798026848584414,230,471040,350.2590841879137,471040
1568.1708797,1000.0,1568.1708797,1351,0.026960969,0.30976564,4.835478,-0.015132047,22.603441,0.9315766245126724,231,473088,351.7752656629309,473088
1578.53533145,1000.0,1578.53533145,1349,0.02525261,0.2961914,4.832677,-0.01961092,31.003305,0.8944379687309265,232,475136,353.294311075937,475136
1585.450420725,1000.0,1585.450420725,1354,0.022421379,0.29423827,4.8035536,-0.0179055,21.44453,0.9797357693314552,233,477184,354.80732029280625,477184
1587.8593329750001,1000.0,1587.8593329750001,1353,0.020013036,0.2632324,4.788067,-0.018222222,34.57058,0.9241571873426437,234,479232,356.3213191758841,479232
1586.036309025,1000.0,1586.036309025,1338,0.030670326,0.3449219,4.807959,-0.017160103,32.96225,0.8239278942346573,235,481280,357.85246980190277,481280
1594.7293084500002,1000.0,1594.7293084500002,1352,0.01175008,0.16606446,4.8147287,-0.018844897,23.891554,0.9654569178819656,236,483328,359.367583343992,483328
1591.522029725,1000.0,1591.522029725,1351,0.02758843,0.3133789,4.802877,-0.021326357,33.556576,0.8116048872470856,237,485376,360.8837126928847,485376
1594.193466475,1000.0,1594.193466475,1353,0.025073523,0.29672852,4.811549,-0.011565631,32.756287,0.9230082780122757,238,487424,362.3975627699401,487424
1592.444372875,1000.0,1592.444372875,1347,0.02737483,0.317334,4.8417897,-0.023250531,31.05363,0.8127921670675278,239,489472,363.91856726584956,489472
1591.613862475,1000.0,1591.613862475,1349,0.017512005,0.215625,4.8518925,-0.017316317,68.43376,0.806482657790184,240,491520,365.4370592548512,491520
1553.1368901,1000.0,1553.1368901,1348,0.020067144,0.23242188,4.8410997,-0.018316984,83.215744,0.7392297089099884,241,493568,366.9575116408523,493568
1549.3876605,1000.0,1549.3876605,1349,0.016696144,0.22607422,4.8241425,-0.01859646,36.743305,0.843235433101654,242,495616,368.47600547480397,495616
1547.602596275,1000.0,1547.602596275,1353,0.028928056,0.31557617,4.8318815,-0.02060363,34.492496,0.8603062182664871,243,497664,369.9903134049382,497664
1547.4884103999998,1000.0,1547.4884103999998,1351,0.018170448,0.24438477,4.8432174,-0.020946622,14.711757,0.9751751851290464,244,499712,371.5068494309671,499712
1546.3772218,1000.0,1546.3772218,1333,0.027328227,0.29785156,4.8327513,-0.022795368,92.282005,0.8074703365564346,245,501760,373.0437451759353,501760
1499.95865255,1000.0,1499.95865255,1356,0.035555113,0.3209961,4.8371587,-0.023844581,61.60509,0.7327786982059479,246,503808,374.5542611158453,503808
1501.0730478,1000.0,1501.0730478,1343,0.016736073,0.23579101,4.8242455,-0.013123447,25.837112,0.9722640737891197,247,505856,376.0799749479629,505856
1505.35124795,1000.0,1505.35124795,1354,0.013553457,0.18808594,4.8126016,-0.018048488,20.750725,0.9724898599088192,248,507904,377.5959316508379,507904
1459.477700875,1000.0,1459.477700875,1343,0.021205824,0.26899415,4.794049,-0.014337428,123.88076,0.8115095049142838,249,509952,379.1209225449711,509952
1458.887548,1000.0,1458.887548,1351,0.016710263,0.22016601,4.766534,-0.015959118,19.87134,0.9574241973459721,250,512000,380.6373468548991,512000
1457.6093069499998,1000.0,1457.6093069499998,1355,0.02603886,0.30703124,4.755682,-0.022084057,24.579395,0.8776214495301247,251,514048,382.1492771538906,514048
1457.162677375,1000.0,1457.162677375,1354,0.014948012,0.20981446,4.7394342,-0.012122357,22.082813,0.9379820190370083,252,516096,383.66208837693557,516096
1417.4631998999998,1000.0,1417.4631998999998,1339,0.02925533,0.31845704,4.7419143,-0.017409112,118.49886,0.8115757405757904,253,518144,385.1924992077984,518144
1415.1284016,1000.0,1415.1284016,1343,0.021069214,0.26166993,4.734651,-0.02729407,41.08125,0.8681080639362335,254,520192,386.7183243588079,520192
1391.2485388,1000.0,1391.2485388,1349,0.023000672,0.26826173,4.720782,-0.023805017,70.853065,0.7748051732778549,255,522240,388.23677835287526,522240
1390.9987296499999,1000.0,1390.9987296499999,1353,0.015457459,0.2050293,4.6998434,-0.015964422,19.424744,0.9400134347379208,256,524288,389.7511582118459,524288
1397.2031848,1000.0,1397.2031848,1353,0.015657801,0.21176758,4.66965,-0.020338137,19.085981,0.972340764477849,257,526336,391.2656418529805,526336
1394.18355405,1000.0,1394.18355405,1320,0.024441315,0.29228514,4.652375,-0.015242999,29.644001,0.8168697357177734,258,528384,392.81789853586815,528384
1398.14188,1000.0,1398.14188,1354,0.015997738,0.19682617,4.6520677,-0.021121252,39.345486,0.9296485930681229,259,530432,394.33061342989095,530432
1429.477995425,1000.0,1429.477995425,1267,0.030960208,0.34892577,4.6493087,-0.012593771,49.564262,0.7838472127914429,260,532480,395.94721240899526,532480
1429.35198285,1000.0,1429.35198285,1346,0.011379711,0.14692383,4.65356,-0.020463353,33.661324,0.9102844744920731,261,534528,397.4691285979934,534528
1424.40775905,1000.0,1424.40775905,1352,0.026341116,0.31137696,4.6462045,-0.01996069,48.157547,0.8112387657165527,262,536576,398.9846671978012,536576
1427.963526475,1000.0,1427.963526475,1351,0.019977463,0.2546875,4.62174,-0.016062614,20.948769,0.9803615882992744,263,538624,400.50071923900396,538624
1428.0888338500001,1000.0,1428.0888338500001,1355,0.031754225,0.34541017,4.6172986,-0.019086502,21.84304,0.9322380945086479,264,540672,402.0130496378988,540672
1473.894520425,1000.0,1473.894520425,1356,0.018419528,0.24262695,4.573558,-0.0186424,17.616978,0.9764608945697546,265,542720,403.5238689798862,542720
1472.7784993750001,1000.0,1472.7784993750001,1341,0.029837698,0.33579102,4.5549574,-0.017500203,31.352453,0.8287483304738998,266,544768,405.0514743968379,544768
1471.01198715,1000.0,1471.01198715,1334,0.01880562,0.24882813,4.5431275,-0.013289613,15.194923,0.9607300497591496,267,546816,406.5867028408684,546816
1470.4265358750001,1000.0,1470.4265358750001,1355,0.014673464,0.19692382,4.519904,-0.01984676,21.597286,0.9577656798064709,268,548864,408.09908032394014,548864
1505.130650825,1000.0,1505.130650825,1351,0.019153114,0.22729492,4.4953504,-0.021168564,72.46742,0.8179619014263153,269,550912,409.6159880999476,550912
1509.839327875,1000.0,1509.839327875,1340,0.02647442,0.30776367,4.476039,-0.018524067,16.811037,0.9839775860309601,270,552960,411.14452001894824,552960
1512.23089855,1000.0,1512.23089855,1344,0.019973565,0.25039062,4.456295,-0.0144123435,22.793114,0.9143968969583511,271,555008,412.6688237078488,555008
1510.6483739999999,1000.0,1510.6483739999999,1353,0.02256969,0.24892578,4.491185,-0.025017511,22.128809,0.9434368126094341,272,557056,414.18345052492805,557056
1542.9629058,1000.0,1542.9629058,1350,0.025562916,0.28383788,4.514019,-0.019968811,64.88712,0.7845073938369751,273,559104,415.7013331728522,559104
1567.119153375,1000.0,1567.119153375,1350,0.034205113,0.3498047,4.527711,-0.019638348,17.370697,0.9564123079180717,274,561152,417.2194637309294,561152
1568.516672125,1000.0,1568.516672125,1350,0.02873134,0.32763672,4.5269623,-0.025869226,17.51176,0.9409481957554817,275,563200,418.73724050680175,563200
1566.567717575,1000.0,1566.567717575,1330,0.02725999,0.31000978,4.5281296,-0.015885737,21.224375,0.9269385561347008,276,565248,420.2780017768964,565248
1568.456038925,1000.0,1568.456038925,1346,0.024673875,0.3053711,4.540984,-0.018429711,16.490046,0.9517694152891636,277,567296,421.7997352969833,567296
1567.7788789,1000.0,1567.7788789,1352,0.025992647,0.30546874,4.5436845,-0.024394605,23.072552,0.9073952585458755,278,569344,423.31477814586833,569344
1576.089700575,1000.0,1576.089700575,1351,0.019942334,0.26328126,4.531575,-0.018246304,16.05978,0.9557093679904938,279,571392,424.83113792096265,571392
1573.003689025,1000.0,1573.003689025,1350,0.027063718,0.31806642,4.5295744,-0.014940622,21.245548,0.9321236088871956,280,573440,426.3485009118449,573440
1583.2199495250002,1000.0,1583.2199495250002,1351,0.018453453,0.24833985,4.52444,-0.01599062,13.368364,0.9716142434626818,281,575488,427.86482946993783,575488
1583.685694875,1000.0,1583.685694875,1351,0.01707286,0.22402343,4.5184603,-0.0255097,15.36216,0.9786051791161299,282,577536,429.3809527729172,577536
1583.0091360000001,1000.0,1583.0091360000001,1353,0.019649465,0.2559082,4.5109463,-0.024000984,10.864667,0.9811815600842237,283,579584,430.8949076978024,579584
1584.2541387,1000.0,1584.2541387,1343,0.021284673,0.26723632,4.510093,-0.014495067,16.148335,0.9771437402814627,284,581632,432.4198210949544,581632
1585.9549879,1000.0,1585.9549879,1352,0.016380953,0.21293946,4.509821,-0.019102652,16.041344,0.9768645334988832,285,583680,433.9354885809589,583680
1588.938068475,1000.0,1588.938068475,1339,0.027135897,0.31030273,4.505186,-0.016482862,14.986153,0.9731044974178076,286,585728,435.4655118328519,585728
1592.1057784,1000.0,1592.1057784,1343,0.020611795,0.2694336,4.494707,-0.023144592,12.217983,0.9816456623375416,287,587776,436.99084712192416,587776
1592.62084925,1000.0,1592.62084925,1354,0.026141737,0.29765624,4.4907193,-0.022362327,17.632711,0.9616722129285336,288,589824,438.5041914549656,589824
1598.69244245,1000.0,1598.69244245,1352,0.022809943,0.27573243,4.481283,-0.018881164,36.702644,0.843319371342659,289,591872,440.0199289659504,591872
1594.370098975,1000.0,1594.370098975,1352,0.023308909,0.25214845,4.472522,-0.019007308,33.24263,0.8930607512593269,290,593920,441.5357514109928,593920
1597.950650275,1000.0,1597.950650275,1356,0.018417783,0.24121094,4.4599257,-0.02114988,13.978621,0.9810231495648623,291,595968,443.0466304079164,595968
1609.804266225,1000.0,1609.804266225,1352,0.023862574,0.28925782,4.446519,-0.019101318,16.069036,0.9612251967191696,292,598016,444.56164424982853,598016
1610.2806145250001,1000.0,1610.2806145250001,1354,0.028917223,0.32905275,4.4319296,-0.023103934,14.26726,0.9648312032222748,293,600064,446.0742313559167,600064
1611.2526516,1000.0,1611.2526516,1345,0.022532528,0.2626465,4.4180717,-0.016095273,13.486766,0.9666495248675346,294,602112,447.5978294329252,602112
1616.603266075,1000.0,1616.603266075,1352,0.037872214,0.38359374,4.4043665,-0.025964718,15.114374,0.9857352674007416,295,604160,449.11260650889017,604160
1619.087026025,1000.0,1619.087026025,1352,0.01623948,0.22246094,4.3876843,-0.02328146,15.221268,0.9726172611117363,296,606208,450.62751735094935,606208
1620.732716975,1000.0,1620.732716975,1356,0.027745735,0.32885742,4.389432,-0.008898881,22.657139,0.9393231384456158,297,608256,452.13849094696343,608256
1621.3900873999999,1000.0,1621.3900873999999,1349,0.029732514,0.31982422,4.3888326,-0.022619236,17.7366,0.9352456331253052,298,610304,453.6570361519698,610304
1615.2284284749999,1000.0,1615.2284284749999,1351,0.043125637,0.334375,4.3775578,-0.02210101,85.182846,0.7053779363632202,299,612352,455.1733485457953,612352
1614.659679825,1000.0,1614.659679825,1356,0.0333283,0.3602539,4.371503,-0.01459028,38.403362,0.8320572078227997,300,614400,456.6840588839259,614400
1614.9251577999999,1000.0,1614.9251577999999,1352,0.018235806,0.23447266,4.3725057,-0.022259621,13.817297,0.9731189757585526,301,616448,458.19939042790793,616448
1612.6935239250001,1000.0,1612.6935239250001,1348,0.024302859,0.26997072,4.381836,-0.0146823,39.570007,0.8805857747793198,302,618496,459.7196452829521,618496
1613.4134898500001,1000.0,1613.4134898500001,1353,0.016073713,0.21757813,4.3943057,-0.016828643,19.48301,0.9572092741727829,303,620544,461.23338571796194,620544
1587.778599325,1000.0,1587.778599325,1353,0.0356784,0.3395508,4.380727,-0.023809982,115.275185,0.7323309779167175,304,622592,462.74792560585774,622592
1587.4033792500002,1000.0,1587.4033792500002,1351,0.014318297,0.19711915,4.371791,-0.018928086,13.659304,0.9759209863841534,305,624640,464.26385994581506,624640
1588.15310525,1000.0,1588.15310525,1348,0.01747727,0.2309082,4.359184,-0.020824343,17.269215,0.9593585915863514,306,626688,465.7840483079199,626688
1586.766610225,1000.0,1586.766610225,1344,0.029229447,0.33632812,4.346258,-0.022042165,18.458519,0.9422022216022015,307,628736,467.30907529592514,628736
1589.750010875,1000.0,1589.750010875,1351,0.029205272,0.32041016,4.3707657,-0.010490643,16.895832,0.9551333338022232,308,630784,468.82574287592433,630784
1591.486101875,1000.0,1591.486101875,1357,0.022864517,0.2809082,4.3861203,-0.021264775,11.335711,0.9642124399542809,309,632832,470.3357154629193,632832
1592.463122575,1000.0,1592.463122575,1350,0.021904891,0.2638672,4.365945,-0.026057433,13.831978,0.9622406549751759,310,634880,471.8530313738156,634880
1592.472069025,1000.0,1592.472069025,1351,0.021230321,0.26938477,4.3617525,-0.022980344,13.69729,0.9738790225237608,311,636928,473.3691375658382,636928
1591.7998498250001,1000.0,1591.7998498250001,1353,0.042640693,0.40883788,4.364358,-0.02135828,19.431698,0.9378830939531326,312,638976,474.8836653130129,638976
1592.88314675,1000.0,1592.88314675,1352,0.014314292,0.19399413,4.3564687,-0.019104006,11.070265,0.9840718470513821,313,641024,476.3991515689995,641024
1594.071558925,1000.0,1594.071558925,1328,0.016768333,0.22363281,4.335078,-0.021945857,12.368501,0.977952940389514,314,643072,477.9419047869742,643072
1594.314329325,1000.0,1594.314329325,1351,0.02539745,0.29614258,4.3048124,-0.02017585,11.860327,0.988147059455514,315,645120,479.45800592098385,645120
1597.451784775,1000.0,1597.451784775,1352,0.026266286,0.30595702,4.263418,-0.02565302,22.273554,0.9792023207992315,316,647168,480.97383367992006,647168
1599.7164517,1000.0,1599.7164517,1354,0.02659821,0.29462892,4.233975,-0.014722126,23.002317,0.9483154378831387,317,649216,482.48697184887715,649216
1603.554310925,1000.0,1603.554310925,1353,0.02092654,0.2675293,4.211402,-0.016115343,23.587341,0.9630877561867237,318,651264,484.0008572808001,651264
1617.744302875,1000.0,1617.744302875,1356,0.031474985,0.33408204,4.1685247,-0.016983168,11.388921,0.9844218930229545,319,653312,485.5123634408228,653312
1618.9776401249999,1000.0,1618.9776401249999,1351,0.021495538,0.2659668,4.1235695,-0.017299177,12.342593,0.9759833142161369,320,655360,487.02848862297833,655360
1617.477059825,1000.0,1617.477059825,1350,0.026747743,0.30751953,4.1225133,-0.016002063,27.404327,0.9216533079743385,321,657408,488.54560688789934,657408
1622.540014125,1000.0,1622.540014125,1354,0.026405642,0.30976564,4.114695,-0.018139988,13.728717,0.9622228406369686,322,659456,490.05905784480274,659456
1622.499722325,1000.0,1622.499722325,1355,0.03073529,0.32597655,4.1015925,-0.021298576,13.164307,0.9652794003486633,323,661504,491.5714449028019,661504
1648.2570465750002,1000.0,1648.2570465750002,1347,0.025078043,0.2980469,4.0761595,-0.016426185,14.954439,0.9747070744633675,324,663552,493.0921112159267,663552
1644.7501139749997,1000.0,1644.7501139749997,1349,0.050196618,0.40971678,4.0584564,-0.026842028,31.52363,0.8649814426898956,325,665600,494.61118853488006,665600
1647.8432825,1000.0,1647.8432825,1344,0.02196839,0.27626953,4.0280504,-0.015505853,13.460333,0.9743137527257204,326,667648,496.1354582288768,667648
1645.7183759,1000.0,1645.7183759,1352,0.035359923,0.35859376,4.035667,-0.018144723,19.248547,0.9333970621228218,327,669696,497.65352807589807,669696
1643.6339330750002,1000.0,1643.6339330750002,1346,0.042384405,0.35756835,4.0456767,-0.018800091,63.589428,0.8357261717319489,328,671744,499.17568684299476,671744
1646.7959978499998,1000.0,1646.7959978499998,1356,0.019499434,0.24521485,4.040087,-0.025885385,12.595592,0.97377566434443,329,673792,500.6865955099929,673792
1647.883292425,1000.0,1647.883292425,1351,0.020978205,0.26904297,4.0214186,-0.019670498,11.7206545,0.9697399996221066,330,675840,502.2032782668248,675840
1649.4284518749998,1000.0,1649.4284518749998,1345,0.0172842,0.22304687,4.0223913,-0.014790215,15.43175,0.9679864011704922,331,677888,503.72689796984196,677888
1651.0690582000002,1000.0,1651.0690582000002,1353,0.017060902,0.22001953,4.01847,-0.019295497,20.291824,0.9513391479849815,332,679936,505.24127392680384,679936
1649.228656,1000.0,1649.228656,1357,0.033179007,0.3611328,4.013361,-0.022634538,17.119305,0.9546359777450562,333,681984,506.75132884201594,681984
1646.9175961,1000.0,1646.9175961,1347,0.04447607,0.41621095,4.004548,-0.015602225,17.540472,0.9395831637084484,334,684032,508.27200555289164,684032
1639.533806625,1000.0,1639.533806625,1352,0.042404007,0.40913087,4.032077,-0.016773783,38.492718,0.8112649470567703,335,686080,509.7877855349798,686080
1638.3976259249998,1000.0,1638.3976259249998,1356,0.014806521,0.21596679,4.0151014,-0.015725253,12.935257,0.9799489062279463,336,688128,511.2989973910153,688128
1640.769014225,1000.0,1640.769014225,1342,0.01958036,0.2584961,4.009072,-0.018532136,14.079666,0.9619036801159382,337,690176,512.8252429920249,690176
1637.3267686499998,1000.0,1637.3267686499998,1350,0.020665668,0.26171875,3.9842892,-0.018997662,12.503927,0.9663527421653271,338,692224,514.3432089358103,692224
1638.6750241000002,1000.0,1638.6750241000002,1351,0.029070284,0.32036132,3.9784188,-0.024603914,13.796596,0.9902829295024276,339,694272,515.8597320190165,694272
1637.95283305,1000.0,1637.95283305,1355,0.017276386,0.21645507,3.9730275,-0.01552316,11.813992,0.9739675596356392,340,696320,517.3720681339037,696320
1637.7959289,1000.0,1637.7959289,1354,0.033357423,0.36015624,3.9591796,-0.02188868,22.191412,0.9183132275938988,341,698368,518.8850270768162,698368
1641.31065375,1000.0,1641.31065375,1355,0.023388127,0.2932617,3.9342384,-0.026287664,12.213918,0.9804601762443781,342,700416,520.3970148048829,700416
1641.4080170749999,1000.0,1641.4080170749999,1352,0.020798104,0.2569336,3.9141145,-0.01915844,12.271528,0.968331303447485,343,702464,521.9128463058732,702464
1642.6564223,1000.0,1642.6564223,1357,0.025266921,0.3010254,3.8763065,-0.022438033,8.18202,0.9882833119481802,344,704512,523.4230888129678,704512
1646.741388575,1000.0,1646.741388575,1344,0.017929817,0.23720703,3.8676555,-0.01744011,9.934109,0.9836910143494606,345,706560,524.9468686559703,706560
1648.0721843500003,1000.0,1648.0721843500003,1340,0.022444654,0.275,3.8601336,-0.018481303,9.463831,0.9866737890988588,346,708608,526.4761500989553,708608
1651.0414097500002,1000.0,1651.0414097500002,1353,0.025486935,0.2484375,3.859045,-0.023817662,39.066936,0.9331894963979721,347,710656,527.9904074068181,710656
1644.8056979250002,1000.0,1644.8056979250002,1353,0.04056945,0.37802735,3.8668144,-0.0126613155,55.491417,0.7834703624248505,348,712704,529.5042515809182,712704
1645.75673865,1000.0,1645.75673865,1350,0.02240235,0.27958983,3.860309,-0.0116820745,16.841877,0.9778074715286493,349,714752,531.0211860819254,714752
1648.0549674500003,1000.0,1648.0549674500003,1346,0.020080052,0.24726562,3.8471408,-0.021389894,15.087076,0.9617340862751007,350,716800,532.5429902658798,716800
1650.2140482000002,1000.0,1650.2140482000002,1353,0.029072747,0.32114258,3.8383873,-0.020740224,9.416052,0.9825168307870626,351,718848,534.0567740139086,718848
1651.5079218750002,1000.0,1651.5079218750002,1346,0.036029488,0.3612793,3.841531,-0.019990897,9.038015,0.9831126909703016,352,720896,535.5784291089512,720896
1653.4783289749998,1000.0,1653.4783289749998,1351,0.01816044,0.2465332,3.8410172,-0.020881046,9.491644,0.9848191356286407,353,722944,537.0947273429483,722944
1650.3521845,1000.0,1650.3521845,1353,0.04865857,0.3816406,3.8482285,-0.018416336,75.733376,0.8115748465061188,354,724992,538.6083876260091,724992
1655.2369385749996,1000.0,1655.2369385749996,1352,0.020644877,0.2692871,3.8404975,-0.015887506,14.722879,0.9633880816400051,355,727040,540.1232137759216,727040
1655.3160300749998,1000.0,1655.3160300749998,1357,0.023081366,0.2754883,3.825379,-0.017593682,9.39543,0.9803075101226568,356,729088,541.6326908529736,729088
1657.867804475,1000.0,1657.867804475,1355,0.03983637,0.38813478,3.809887,-0.019343792,11.531369,0.9673618040978909,357,731136,543.145157054998,731136
1655.5420263250003,1000.0,1655.5420263250003,1346,0.031682044,0.33012694,3.7833416,-0.02164663,13.703249,0.9576834589242935,358,733184,544.6673081959598,733184
1657.1287263499999,1000.0,1657.1287263499999,1353,0.025389794,0.29047853,3.758849,-0.0137948645,8.645597,0.9846266089007258,359,735232,546.1813556808047,735232
1646.149210775,1000.0,1646.149210775,1352,0.042234287,0.35458985,3.7532082,-0.022212239,85.78436,0.7510900944471359,360,737280,547.696245563915,737280
1647.2685711999998,1000.0,1647.2685711999998,1355,0.026156168,0.31147462,3.7145295,-0.017498195,10.654383,0.9766343478113413,361,739328,549.2084197900258,739328
1650.405653025,1000.0,1650.405653025,1355,0.025073439,0.2881836,3.7143085,-0.013604796,9.3231945,0.9842430055141449,362,741376,550.7205120828003,741376
1648.03929295,1000.0,1648.03929295,1354,0.031722695,0.35966796,3.7191925,-0.02705366,17.916012,0.9401736296713352,363,743424,552.2338593618479,743424
1649.4753191249997,1000.0,1649.4753191249997,1344,0.02566964,0.3029297,3.7048619,-0.019224677,7.2490935,0.9912042720243335,364,745472,553.7580170738511,745472
1648.1848008000002,1000.0,1648.1848008000002,1350,0.02591071,0.307959,3.6804261,-0.019903254,10.224967,0.9742469303309917,365,747520,555.275322283851,747520
1644.6958924500002,1000.0,1644.6958924500002,1342,0.3221015,0.34536132,3.6675816,-0.02133187,38.31501,0.9048411473631859,366,749568,556.8014993809629,749568
1656.7517984,1000.0,1656.7517984,1351,0.030440759,0.3395996,3.660703,-0.026475217,11.766691,0.9658811502158642,367,751616,558.3178558149375,751616
1658.0501649999999,1000.0,1658.0501649999999,1261,0.01682693,0.22836915,3.6723576,-0.017841691,8.694308,0.981748178601265,368,753664,559.9428113210015,753664
1656.476206075,1000.0,1656.476206075,1356,0.022424696,0.2854004,3.6603246,-0.021136595,6.672141,0.9887067787349224,369,755712,561.4534282148816,755712
1654.670580725,1000.0,1654.670580725,1352,0.051662393,0.4237793,3.6544743,-0.020861072,22.416332,0.9172070547938347,370,757760,562.9681162999477,757760
1651.357874375,1000.0,1651.357874375,1353,0.032676842,0.34208983,3.6403527,-0.023482567,16.137924,0.9447291679680347,371,759808,564.4827283730265,759808
1649.0673268500002,1000.0,1649.0673268500002,1352,0.028128933,0.29091796,3.613929,-0.02447333,20.755714,0.9491850696504116,372,761856,565.9981848159805,761856
1640.4355467,1000.0,1640.4355467,1350,0.032964077,0.32143554,3.595179,-0.017020863,69.21129,0.72401162981987,373,763904,567.516209637979,763904
1648.54452695,1000.0,1648.54452695,1352,0.030565869,0.34291992,3.5844727,-0.022047453,13.93457,0.9712326433509588,374,765952,569.0321249268018,765952
1648.1355804,1000.0,1648.1355804,1353,0.018223368,0.24086913,3.5752785,-0.020286944,7.339078,0.9847156032919884,375,768000,570.5467126579024,768000
1650.448522875,1000.0,1650.448522875,1354,0.032467533,0.35590822,3.5384526,-0.023419218,10.737154,0.9888112470507622,376,770048,572.059574238956,770048
1653.7047272249997,1000.0,1653.7047272249997,1340,0.019035963,0.25039062,3.5192935,-0.02138649,8.449301,0.9880185956135392,377,772096,573.5881255029235,772096
1656.55780455,1000.0,1656.55780455,1353,0.019453662,0.24711914,3.490111,-0.02234258,8.575198,0.9880987219512463,378,774144,575.1017459610011,774144
1656.22116935,1000.0,1656.22116935,1351,0.027525866,0.32163087,3.4663062,-0.020374538,6.633954,0.9848183821886778,379,776192,576.6186085548252,776192
1667.2966385249997,1000.0,1667.2966385249997,1355,0.030495787,0.32773438,3.4556503,-0.013492221,14.628125,0.975744878873229,380,778240,578.1309223799035,778240
1670.2163538999998,1000.0,1670.2163538999998,1351,0.023760129,0.2947754,3.4458785,-0.018776163,7.21718,0.9884146228432655,381,780288,579.6479591988027,780288
1671.872242875,1000.0,1671.872242875,1352,0.039155133,0.3828125,3.4506145,-0.017625818,9.109034,0.9888555286452174,382,782336,581.1631830919068,782336
1671.8699503249998,1000.0,1671.8699503249998,1352,0.025364194,0.31411132,3.460563,-0.022935037,10.404284,0.9737122114747763,383,784384,582.6785260618199,784384
1672.4484576999998,1000.0,1672.4484576999998,1354,0.022190977,0.27900392,3.4627063,-0.019511227,7.903714,0.98521236050874,384,786432,584.1917204649653,786432
1673.436971825,1000.0,1673.436971825,1349,0.028309837,0.31386718,3.4621322,-0.022545692,10.059455,0.9827834274619818,385,788480,585.7105933458079,788480
1677.6499310499999,1000.0,1677.6499310499999,1338,0.038054932,0.37514648,3.46448,-0.02131836,8.498687,0.9785038400441408,386,790528,587.2415350978263,790528
1676.3375460250002,1000.0,1676.3375460250002,1349,0.041954502,0.41049805,3.4540107,-0.022818621,10.286062,0.9677580110728741,387,792576,588.7605511948932,792576
1674.528807025,1000.0,1674.528807025,1351,0.041872453,0.40097657,3.4379768,-0.020708133,12.371248,0.9609181359410286,388,794624,590.2765868669376,794624
1676.54531525,1000.0,1676.54531525,1350,0.024099914,0.28989258,3.4090035,-0.023858437,4.74233,0.9901132946833968,389,796672,591.7946900757961,796672
1679.786280925,1000.0,1679.786280925,1350,0.023936478,0.2878906,3.4008617,-0.017279347,8.858686,0.9786040093749762,390,798720,593.3118676659651,798720
1684.35106045,1000.0,1684.35106045,1353,0.021576695,0.2774414,3.4113598,-0.020033268,6.391739,0.9901052303612232,391,800768,594.8263253769837,800768
1689.471031675,1000.0,1689.471031675,1353,0.03186044,0.3149414,3.421493,-0.019585978,6.231632,0.9885230828076601,392,802816,596.3401596469339,802816
1695.482207825,1000.0,1695.482207825,1338,0.021323403,0.24335937,3.423324,-0.020911396,14.886887,0.9680726192891598,393,804864,597.8710702909157,804864
1695.1688997499998,1000.0,1695.1688997499998,1353,0.04323031,0.40473634,3.4073925,-0.011737588,21.468904,0.9556407034397125,394,806912,599.3847913239151,806912
1695.0960425999997,1000.0,1695.0960425999997,1357,0.03303124,0.3548828,3.3946736,-0.012380155,7.1129785,0.98773770686239,395,808960,600.8941965568811,808960
1695.0390557000003,1000.0,1695.0390557000003,1355,0.03362845,0.34052736,3.3693192,-0.018783208,7.519591,0.987963592633605,396,811008,602.4057707919274,811008
1694.5075488000002,1000.0,1694.5075488000002,1315,0.03564879,0.36918944,3.3606694,-0.021735197,5.378789,0.99075086414814,397,813056,603.9635795080103,813056
1696.9961209500002,1000.0,1696.9961209500002,1339,0.02658911,0.31728515,3.3651779,-0.014024297,8.234095,0.9886367814615369,398,815104,605.4939755278174,815104
1703.294186025,1000.0,1703.294186025,1337,0.04627061,0.40947264,3.3298886,-0.018958626,11.791651,0.9910203479230404,399,817152,607.0257005780004,817152
1702.9717057999999,1000.0,1702.9717057999999,1333,0.026558708,0.3154297,3.3017673,-0.020821702,5.970332,0.9896309059113264,400,819200,608.5626930608414,819200
1701.6337245250002,1000.0,1701.6337245250002,1350,0.029150408,0.32587892,3.3116612,-0.021505725,5.897397,0.9878066862002015,401,821248,610.0807967979927,821248
1701.1065133,1000.0,1701.1065133,1355,0.021899996,0.26787108,3.3114192,-0.018859563,6.2337112,0.9873593021184206,402,823296,611.5928356610239,823296
1707.34251515,1000.0,1707.34251515,1337,0.049818076,0.42983398,3.2893634,-0.020132072,10.94723,0.9899095743894577,403,825344,613.124713758938,825344
1705.9478826500003,1000.0,1705.9478826500003,1353,0.025015201,0.29824218,3.2674541,-0.018809032,5.9234447,0.9877445520833135,404,827392,614.6385307509918,827392
1710.339449775,1000.0,1710.339449775,1336,0.04199703,0.3197754,3.2495148,-0.021909935,20.068798,0.9733865186572075,405,829440,616.1721267008688,829440
1706.987053,1000.0,1706.987053,1353,0.036896117,0.38481444,3.2426853,-0.014776761,34.958363,0.8933240920305252,406,831488,617.6886736289598,831488
1709.717269875,1000.0,1709.717269875,1352,0.029502254,0.30820313,3.232275,-0.022334158,8.321759,0.9803604520857334,407,833536,619.203530079918,833536
1711.2231874999998,1000.0,1711.2231874999998,1353,0.027234947,0.31054688,3.1993003,-0.020874666,7.324707,0.9839514791965485,408,835584,620.7179571927991,835584
1712.17205575,1000.0,1712.17205575,1355,0.029510641,0.33520508,3.1856132,-0.0123271635,17.461748,0.9629800394177437,409,837632,622.2299305908382,837632
1713.8181696,1000.0,1713.8181696,1353,0.020876953,0.2692871,3.183568,-0.023211863,4.5220747,0.9916208479553461,410,839680,623.7438369179145,839680
1711.4759649250002,1000.0,1711.4759649250002,1349,0.049779534,0.3890625,3.1650965,-0.01943333,111.99009,0.8509680032730103,411,841728,625.2630165959708,841728
1674.3816043000002,1000.0,1674.3816043000002,1346,0.026100378,0.30449218,3.1438127,-0.025603568,73.22539,0.8156481832265854,412,843776,626.785227351822,843776
1680.2077450250003,1000.0,1680.2077450250003,1349,0.033448823,0.35166016,3.1104338,-0.024086973,8.881779,0.9886413784697652,413,845824,628.304305216996,845824
1680.8858789750004,1000.0,1680.8858789750004,1352,0.025757262,0.30034178,3.0846426,-0.020886822,7.072085,0.990646893158555,414,847872,629.8190430440009,847872
1684.3782600250001,1000.0,1684.3782600250001,1354,0.034049593,0.3553711,3.0842283,-0.021455564,5.271569,0.9918162319809198,415,849920,631.3323040418327,849920
1680.0100378250002,1000.0,1680.0100378250002,1349,0.036437184,0.38432616,3.0864847,-0.023699595,25.45827,0.941363763064146,416,851968,632.8517148038372,851968
1681.525787275,1000.0,1681.525787275,1356,0.031863123,0.35,3.0688035,-0.02553249,7.4946184,0.9908555839210749,417,854016,634.3621231669094,854016
1678.5072988250001,1000.0,1678.5072988250001,1350,0.028920982,0.32822266,3.044272,-0.017015552,17.9722,0.9514087066054344,418,856064,635.8800471178256,856064
1676.927344825,1000.0,1676.927344825,1352,0.026944527,0.31928712,3.0389636,-0.018721316,9.790207,0.9801281001418829,419,858112,637.396283717826,858112
1675.5393736500002,1000.0,1675.5393736500002,1356,0.040381484,0.38242188,3.0462604,-0.021251496,15.895488,0.9563080817461014,420,860160,638.90755532193,860160
1673.449249625,1000.0,1673.449249625,1329,0.033875383,0.35239258,3.0567412,-0.02193825,13.609495,0.9636919423937798,421,862208,640.448858236894,862208
1673.5266199500002,1000.0,1673.5266199500002,1352,0.022088092,0.27211913,3.041812,-0.026940757,6.079613,0.9914630549028516,422,864256,641.9646445009857,864256
1672.270687075,1000.0,1672.270687075,1350,0.027922649,0.32006836,3.0239372,-0.018019667,8.568827,0.9848975241184235,423,866304,643.4823931639548,866304
1663.6813480249998,1000.0,1663.6813480249998,1352,0.062725335,0.40644532,3.0114062,-0.016852457,74.47139,0.8419312685728073,424,868352,644.9979826370254,868352
1666.509565675,1000.0,1666.509565675,1342,0.02991711,0.28515625,2.9844656,-0.01161903,57.99398,0.9143030196428299,425,870400,646.5242859188002,870400
1652.0269658500001,1000.0,1652.0269658500001,1354,0.037932467,0.39042968,2.9902594,-0.01827497,68.33291,0.8331973254680634,426,872448,648.0371291958727,872448
1653.111641875,1000.0,1653.111641875,1352,0.023905,0.27304688,2.992738,-0.011070026,7.742938,0.9862744230777025,427,874496,649.5518436359707,874496
1656.597847525,1000.0,1656.597847525,1355,0.03531001,0.37333983,2.9895368,-0.016465416,5.6195374,0.9918152568861842,428,876544,651.0640656808391,876544
1658.4333746500001,1000.0,1658.4333746500001,1351,0.048271798,0.42983398,2.9817994,-0.023498295,9.0473995,0.9918343862518668,429,878592,652.5806915769354,878592
1663.0872690249998,1000.0,1663.0872690249998,1350,0.03543069,0.3651367,2.9770153,-0.019249354,10.9158945,0.9910023706033826,430,880640,654.0984155009501,880640
1693.0285447499998,1000.0,1693.0285447499998,1350,0.04401961,0.37573242,2.9600477,-0.019709185,136.00961,0.8161810040473938,431,882688,655.6159389258828,882688
1679.2889114500001,1000.0,1679.2889114500001,1344,0.029094424,0.34145507,2.957991,-0.018548405,65.17077,0.6924004554748535,432,884736,657.1405898157973,884736
1670.361549575,1000.0,1670.361549575,1349,0.026217425,0.29335937,2.9463542,-0.021220356,75.277534,0.8230668008327484,433,886784,658.6590438869316,886784
1668.196996175,1000.0,1668.196996175,1350,0.019767132,0.2440918,2.9326334,-0.016849922,15.454692,0.9696107748895884,434,888832,660.1761649819091,888832
1670.5907154250003,1000.0,1670.5907154250003,1357,0.021069681,0.25786132,2.926781,-0.0142439995,9.365996,0.9847382446750998,435,890880,661.6861138208769,890880
1661.84327615,1000.0,1661.84327615,1354,0.040916912,0.33979493,2.9299767,-0.016570017,93.22379,0.8299792557954788,436,892928,663.1997001748532,892928
1659.2776970000002,1000.0,1659.2776970000002,1349,0.035632454,0.3708008,2.9347425,-0.02196251,18.06956,0.9635646566748619,437,894976,664.7186448769644,894976
1631.8281671,1000.0,1631.8281671,1354,0.037057333,0.35961914,2.961035,-0.014658054,150.38333,0.7627547234296799,438,897024,666.2318309058901,897024
1635.5762848250001,1000.0,1635.5762848250001,1347,0.020313455,0.25024414,2.9807382,-0.015406743,6.427253,0.9903008127585053,439,899072,667.7525499118492,899072
1626.309183725,1000.0,1626.309183725,1353,0.042290747,0.36191407,2.99962,-0.021350753,105.39143,0.8297809511423111,440,901120,669.2669955808669,901120
1613.2507536500002,1000.0,1613.2507536500002,1355,0.032278173,0.33154297,3.0259151,-0.025243048,82.688286,0.8217688500881195,441,903168,670.778550072806,903168
1596.8928669749998,1000.0,1596.8928669749998,1352,0.03307045,0.3313965,3.0241632,-0.023626294,119.54866,0.8173113465309143,442,905216,672.2936861179769,905216
1588.476239575,1000.0,1588.476239575,1343,0.03137984,0.3458008,3.0269296,-0.017849019,47.170918,0.816015213727951,443,907264,673.8190456228331,907264
1600.0481399,1000.0,1600.0481399,1351,0.033072017,0.35249025,3.0237079,-0.020294456,7.3870573,0.990331263281405,444,909312,675.3350152699277,909312
1618.83980635,1000.0,1618.83980635,1335,0.031169796,0.34414062,2.9841323,-0.018707834,10.975903,0.9870398873463273,445,911360,676.868993452983,911360
1620.091165475,1000.0,1620.091165475,1358,0.019381,0.24824218,2.9559052,-0.01847207,10.392302,0.9837726727128029,446,913408,678.3780341329984,913408
1619.8316406999998,1000.0,1619.8316406999998,1356,0.017173614,0.22558594,2.9465456,-0.02454281,6.687799,0.9883209215477109,447,915456,679.88933180389,915456
1618.5940916499999,1000.0,1618.5940916499999,1353,0.027538294,0.31113282,2.940903,-0.025260035,5.9155173,0.9905048897489905,448,917504,681.4029260678217,917504
1617.9496909499999,1000.0,1617.9496909499999,1356,0.045705535,0.40644532,2.9374619,-0.0177024,8.03367,0.9920293278992176,449,919552,682.9135030349717,919552
1614.48136715,1000.0,1614.48136715,1354,0.024640523,0.3026367,2.9309256,-0.021703243,5.889459,0.989175271242857,450,921600,684.4266962469555,921600
1637.1547775499998,1000.0,1637.1547775499998,1347,0.031495962,0.35078126,2.9274049,-0.020698836,6.4612947,0.9863661509007215,451,923648,685.947246377822,923648
1638.83907675,1000.0,1638.83907675,1346,0.02936784,0.32841796,2.9120352,-0.023909092,7.100096,0.9862508876249194,452,925696,687.4688154938631,925696
1645.0223420000002,1000.0,1645.0223420000002,1353,0.029849365,0.33544922,2.9016056,-0.015104239,11.334869,0.9791014213114977,453,927744,688.9833333690185,927744
1647.25354285,1000.0,1647.25354285,1352,0.028271716,0.33071288,2.890989,-0.018220613,7.1635118,0.9873488396406174,454,929792,690.498807100812,929792
1647.9069745250004,1000.0,1647.9069745250004,1354,0.028608516,0.32353514,2.8816037,-0.021322247,6.136337,0.9912110678851604,455,931840,692.0116599048488,931840
1659.1188006749999,1000.0,1659.1188006749999,1349,0.02916061,0.33276367,2.8768394,-0.024178179,7.885497,0.9852902246639132,456,933888,693.5301939249039,933888
1661.64709235,1000.0,1661.64709235,1320,0.02394064,0.28916016,2.879572,-0.022333432,8.089065,0.9906273065134883,457,935936,695.0818967230152,935936
1680.9340143499999,1000.0,1680.9340143499999,1296,0.040024858,0.35688478,2.8966632,-0.021075305,74.11274,0.870389997959137,458,937984,696.663638612954,937984
1684.6403872750002,1000.0,1684.6403872750002,1350,0.05571433,0.42080078,2.857463,-0.027539233,12.4098625,0.9847811227664351,459,940032,698.181020042859,940032
1706.4774950749998,1000.0,1706.4774950749998,1352,0.04778621,0.42744142,2.8203988,-0.024946053,32.40647,0.9052075147628784,460,942080,699.6962528319564,942080
1707.80953035,1000.0,1707.80953035,1352,0.022977816,0.29672852,2.801119,-0.02848188,5.631158,0.9901954215019941,461,944128,701.211527206935,944128
1729.6496556999998,1000.0,1729.6496556999998,1355,0.024384033,0.3013672,2.7695844,-0.01861977,9.6499405,0.9828529432415962,462,946176,702.7237776569091,946176
1727.2425069,1000.0,1727.2425069,1354,0.04035362,0.3807129,2.7569313,-0.021645617,23.375822,0.9369445815682411,463,948224,704.2366278048139,948224
1724.4668465,1000.0,1724.4668465,1341,0.026834268,0.30703124,2.7562222,-0.020525431,10.684842,0.9790321383625269,464,950272,705.7640142729506,950272
1723.6070283000001,1000.0,1723.6070283000001,1338,0.03790194,0.36738282,2.7351637,-0.012478105,17.473503,0.9693993795663118,465,952320,707.2957563968375,952320
1722.3633096500002,1000.0,1722.3633096500002,1346,0.021969011,0.2762207,2.7165163,-0.017962083,7.354992,0.9865030199289322,466,954368,708.8175176738296,954368
1720.343126275,1000.0,1720.343126275,1350,0.03474983,0.36274415,2.7109,-0.025902933,9.26153,0.982375705614686,467,956416,710.3347485219128,956416
1717.234578225,1000.0,1717.234578225,1346,0.042479683,0.39584962,2.7174668,-0.017691603,16.487131,0.9612284153699875,468,958464,711.8576795489062,958464
1714.4451806000002,1000.0,1714.4451806000002,1346,0.0270512,0.31479493,2.713739,-0.014652699,9.638973,0.9824850875884295,469,960512,713.3790933459532,960512
1712.05465835,1000.0,1712.05465835,1351,0.042389832,0.41499025,2.7262745,-0.01985649,14.263174,0.9701268598437309,470,962560,714.8955863248557,962560
1712.8211149499998,1000.0,1712.8211149499998,1353,0.020973772,0.26411134,2.7307584,-0.022293199,6.795798,0.9877557251602411,471,964608,716.4099323418923,964608
1714.8479321250002,1000.0,1714.8479321250002,1349,0.03740481,0.36855468,2.724555,-0.02073599,4.341013,0.9935376294888556,472,966656,717.9283298389055,966656
1716.1430804,1000.0,1716.1430804,1344,0.037088756,0.38129884,2.7436404,-0.026012098,4.5763965,0.9931943803094327,473,968704,719.4522879649885,968704
1715.5815462500002,1000.0,1715.5815462500002,1351,0.02605921,0.31289062,2.7302034,-0.016918162,6.3302026,0.9911813614889979,474,970752,720.9686765738297,970752
1717.8629282499999,1000.0,1717.8629282499999,1353,0.03219261,0.3544922,2.7019806,-0.030287117,5.7887297,0.9929215703159571,475,972800,722.4825020488352,972800
1717.9008256749999,1000.0,1717.9008256749999,1353,0.02946485,0.33535156,2.707763,-0.010005501,13.274004,0.9780627321451902,476,974848,723.9969298639335,974848
1718.6898771250003,1000.0,1718.6898771250003,1356,0.043668404,0.4053711,2.697732,-0.023963025,5.897414,0.9938075402751565,477,976896,725.507687113015,976896
1728.2266958499997,1000.0,1728.2266958499997,1348,0.026188929,0.3121582,2.6734345,-0.021184137,5.8174734,0.9927831697277725,478,978944,727.0279629318975,978944
1725.8532845999998,1000.0,1725.8532845999998,1336,0.041046493,0.39472657,2.6946845,-0.014934307,13.119105,0.9735389165580273,479,980992,728.5611319469754,980992
1727.1555025999999,1000.0,1727.1555025999999,1354,0.023884637,0.29379883,2.7216141,-0.020092342,11.284017,0.9775463379919529,480,983040,730.0741512188688,983040
1726.462056425,1000.0,1726.462056425,1353,0.024856389,0.30185547,2.7238982,-0.020527743,4.7884626,0.9916080432012677,481,985088,731.587959705852,985088
1728.307830925,1000.0,1728.307830925,1339,0.04298356,0.39697266,2.7024436,-0.024607837,7.1037736,0.9851826913654804,482,987136,733.1173886719625,987136
1729.970690175,1000.0,1729.970690175,1356,0.028113727,0.3104004,2.6825125,-0.026559044,4.8123307,0.9922867282293737,483,989184,734.6286268089898,989184
1734.1752938500001,1000.0,1734.1752938500001,1332,0.028599188,0.317334,2.6506896,-0.022234779,5.1938405,0.9917817013338208,484,991232,736.1667075338773,991232
1733.4211888750003,1000.0,1733.4211888750003,1349,0.021604374,0.27041015,2.632352,-0.021223933,5.37437,0.9906377485021949,485,993280,737.6849864318501,993280
1731.6663089500003,1000.0,1731.6663089500003,1348,0.03969634,0.32685548,2.624293,-0.016594287,30.321354,0.9356396794319153,486,995328,739.2044189670123,995328
1735.2780733250002,1000.0,1735.2780733250002,1353,0.034317955,0.36699218,2.6212919,-0.014078556,6.956559,0.9894931381568313,487,997376,740.7188022078481,997376
1733.74267125,1000.0,1733.74267125,1353,0.037045807,0.38286132,2.625255,-0.018717756,14.723439,0.9701783508062363,488,999424,742.2324754858855,999424
